word,film,count
will,EpisodeVI,70
going,EpisodeIV,66
luke,EpisodeIV,57
right,EpisodeIV,47
come,EpisodeIV,46
will,EpisodeV,44
oh,EpisodeVI,44
sir,EpisodeIV,44
will,EpisodeIV,43
oh,EpisodeV,42
now,EpisodeIV,40
us,EpisodeIV,39
got,EpisodeIV,38
know,EpisodeIV,38
right,EpisodeV,37
luke,EpisodeVI,37
know,EpisodeV,36
yes,EpisodeV,36
think,EpisodeIV,35
now,EpisodeVI,35
going,EpisodeV,35
one,EpisodeIV,34
artoo,EpisodeVI,34
back,EpisodeIV,33
come,EpisodeVI,32
go,EpisodeIV,31
see,EpisodeIV,30
good,EpisodeV,30
ship,EpisodeIV,30
see,EpisodeV,29
chewie,EpisodeVI,29
father,EpisodeVI,29
sir,EpisodeV,28
go,EpisodeV,28
good,EpisodeVI,28
know,EpisodeVI,27
master,EpisodeVI,27
artoo,EpisodeV,27
take,EpisodeIV,26
chewie,EpisodeV,26
luke,EpisodeV,25
right,EpisodeVI,25
come,EpisodeV,25
lord,EpisodeV,25
look,EpisodeIV,24
time,EpisodeIV,24
must,EpisodeIV,24
now,EpisodeV,22
force,EpisodeIV,22
see,EpisodeVI,22
oh,EpisodeIV,22
vader,EpisodeV,22
take,EpisodeVI,21
want,EpisodeIV,21
old,EpisodeIV,21
us,EpisodeV,21
help,EpisodeIV,21
alderaan,EpisodeIV,20
back,EpisodeVI,20
got,EpisodeVI,20
side,EpisodeVI,20
must,EpisodeVI,20
us,EpisodeVI,20
got,EpisodeV,20
artoo,EpisodeIV,19
obiwan,EpisodeIV,19
kenobi,EpisodeIV,19
yes,EpisodeVI,19
take,EpisodeV,19
must,EpisodeV,19
one,EpisodeV,19
station,EpisodeIV,19
good,EpisodeIV,18
jabba,EpisodeVI,18
time,EpisodeV,18
little,EpisodeIV,18
ship,EpisodeV,17
system,EpisodeV,17
sure,EpisodeIV,17
wait,EpisodeIV,17
emperor,EpisodeVI,17
go,EpisodeVI,17
shield,EpisodeVI,17
something,EpisodeIV,17
back,EpisodeV,17
make,EpisodeIV,16
long,EpisodeIV,16
leia,EpisodeV,16
force,EpisodeV,16
ready,EpisodeV,16
lando,EpisodeV,16
around,EpisodeV,16
vader,EpisodeVI,16
way,EpisodeIV,16
uncle,EpisodeIV,15
enough,EpisodeIV,15
kid,EpisodeIV,15
help,EpisodeV,15
think,EpisodeV,15
jedi,EpisodeV,15
power,EpisodeV,15
imperial,EpisodeIV,15
power,EpisodeIV,15
find,EpisodeIV,15
tell,EpisodeVI,15
na,EpisodeVI,15
look,EpisodeVI,15
going,EpisodeVI,15
yes,EpisodeIV,14
want,EpisodeV,14
skywalker,EpisodeV,14
master,EpisodeV,14
dark,EpisodeVI,14
move,EpisodeVI,14
leia,EpisodeVI,14
droids,EpisodeIV,14
hold,EpisodeIV,14
blast,EpisodeIV,14
help,EpisodeVI,14
empire,EpisodeIV,13
droid,EpisodeIV,13
little,EpisodeVI,13
one,EpisodeVI,13
need,EpisodeVI,13
jedi,EpisodeVI,13
han,EpisodeV,13
never,EpisodeV,13
wait,EpisodeV,13
two,EpisodeV,13
okay,EpisodeIV,13
threepio,EpisodeIV,13
around,EpisodeIV,13
friends,EpisodeVI,13
princess,EpisodeIV,13
way,EpisodeVI,12
unit,EpisodeIV,12
thought,EpisodeIV,12
rebellion,EpisodeIV,12
let,EpisodeIV,12
stop,EpisodeV,12
find,EpisodeV,12
make,EpisodeV,12
something,EpisodeV,12
lightspeed,EpisodeV,12
tell,EpisodeIV,12
never,EpisodeIV,12
hey,EpisodeIV,12
talking,EpisodeIV,12
much,EpisodeIV,12
found,EpisodeIV,12
attack,EpisodeVI,12
father,EpisodeIV,12
force,EpisodeVI,12
lot,EpisodeIV,11
captain,EpisodeV,11
shield,EpisodeV,11
way,EpisodeV,11
much,EpisodeV,11
ben,EpisodeIV,11
stay,EpisodeV,11
rouge,EpisodeV,11
yeah,EpisodeV,11
master,EpisodeIV,11
rtwo,EpisodeIV,11
thing,EpisodeIV,11
system,EpisodeIV,11
better,EpisodeIV,11
really,EpisodeIV,11
anything,EpisodeIV,11
coming,EpisodeIV,11
red,EpisodeIV,11
battle,EpisodeIV,11
even,EpisodeIV,11
say,EpisodeIV,11
young,EpisodeVI,11
solo,EpisodeVI,11
hey,EpisodeVI,11
time,EpisodeVI,11
told,EpisodeVI,11
two,EpisodeIV,11
sure,EpisodeV,10
yoda,EpisodeV,10
leave,EpisodeV,10
might,EpisodeV,10
coming,EpisodeV,10
gon,EpisodeVI,10
fleet,EpisodeVI,10
han,EpisodeIV,10
strong,EpisodeVI,10
old,EpisodeVI,10
think,EpisodeVI,10
star,EpisodeVI,10
look,EpisodeV,10
use,EpisodeIV,10
last,EpisodeIV,10
might,EpisodeIV,10
bad,EpisodeIV,10
jedi,EpisodeIV,10
hope,EpisodeIV,10
may,EpisodeIV,10
rebel,EpisodeIV,10
side,EpisodeIV,10
sand,EpisodeIV,10
people,EpisodeIV,10
uh,EpisodeIV,10
away,EpisodeIV,10
planet,EpisodeIV,10
work,EpisodeVI,9
looks,EpisodeIV,9
need,EpisodeIV,9
leave,EpisodeVI,9
thought,EpisodeV,9
general,EpisodeVI,9
wish,EpisodeVI,9
man,EpisodeIV,9
quite,EpisodeIV,9
try,EpisodeIV,9
wait,EpisodeVI,9
friend,EpisodeIV,9
stay,EpisodeIV,9
biggs,EpisodeIV,9
give,EpisodeVI,9
bring,EpisodeVI,9
die,EpisodeVI,9
big,EpisodeIV,9
sure,EpisodeVI,9
chewie,EpisodeIV,9
power,EpisodeVI,9
vader,EpisodeIV,9
worry,EpisodeIV,9
next,EpisodeIV,9
solo,EpisodeV,9
dark,EpisodeV,9
field,EpisodeV,9
need,EpisodeV,9
nothing,EpisodeV,9
keep,EpisodeV,9
tell,EpisodeV,9
set,EpisodeV,9
enough,EpisodeV,9
feel,EpisodeV,9
hyperdrive,EpisodeV,9
empire,EpisodeV,9
let,EpisodeV,9
side,EpisodeV,9
yeah,EpisodeIV,9
mind,EpisodeIV,8
afraid,EpisodeV,8
main,EpisodeIV,8
boy,EpisodeIV,8
princess,EpisodeV,8
great,EpisodeV,8
put,EpisodeV,8
turn,EpisodeV,8
may,EpisodeV,8
better,EpisodeV,8
falcon,EpisodeV,8
mind,EpisodeV,8
hit,EpisodeV,8
admiral,EpisodeV,8
asteroid,EpisodeV,8
thank,EpisodeV,8
life,EpisodeV,8
long,EpisodeV,8
father,EpisodeV,8
okay,EpisodeV,8
trust,EpisodeV,8
best,EpisodeIV,8
trouble,EpisodeIV,8
hurry,EpisodeIV,8
watch,EpisodeIV,8
listen,EpisodeIV,8
escape,EpisodeIV,8
close,EpisodeIV,8
owen,EpisodeIV,8
general,EpisodeV,8
mean,EpisodeV,8
told,EpisodeIV,8
hear,EpisodeIV,8
home,EpisodeIV,8
says,EpisodeIV,8
shut,EpisodeIV,8
sorry,EpisodeV,8
quite,EpisodeV,8
happened,EpisodeIV,8
never,EpisodeVI,8
great,EpisodeVI,8
stay,EpisodeVI,8
death,EpisodeVI,8
keep,EpisodeVI,8
nothing,EpisodeVI,8
uh,EpisodeVI,8
friend,EpisodeVI,8
leader,EpisodeVI,8
last,EpisodeVI,8
han,EpisodeVI,8
mission,EpisodeIV,7
systems,EpisodeIV,7
came,EpisodeIV,7
energy,EpisodeV,7
move,EpisodeIV,7
hit,EpisodeIV,7
afraid,EpisodeIV,7
prepare,EpisodeV,7
found,EpisodeV,7
imperial,EpisodeV,7
bounty,EpisodeV,7
emperor,EpisodeV,7
anything,EpisodeV,7
fast,EpisodeIV,7
new,EpisodeIV,7
nothing,EpisodeIV,7
believe,EpisodeIV,7
speed,EpisodeIV,7
plans,EpisodeIV,7
dangerous,EpisodeIV,7
said,EpisodeIV,7
please,EpisodeV,7
first,EpisodeIV,7
put,EpisodeIV,7
always,EpisodeIV,7
able,EpisodeIV,7
work,EpisodeIV,7
easy,EpisodeIV,7
course,EpisodeIV,7
dead,EpisodeIV,7
strong,EpisodeV,7
pay,EpisodeIV,7
join,EpisodeV,7
find,EpisodeVI,7
ships,EpisodeV,7
mine,EpisodeV,7
things,EpisodeV,7
really,EpisodeV,7
listen,EpisodeV,7
yoda,EpisodeVI,7
still,EpisodeV,7
skywalker,EpisodeVI,7
rebel,EpisodeVI,7
point,EpisodeVI,7
sister,EpisodeVI,7
coming,EpisodeVI,7
fighters,EpisodeVI,7
bad,EpisodeVI,7
away,EpisodeVI,7
always,EpisodeVI,7
lando,EpisodeVI,7
away,EpisodeV,7
hey,EpisodeV,7
done,EpisodeV,7
control,EpisodeV,7
trying,EpisodeV,7
powerful,EpisodeVI,7
lord,EpisodeVI,7
feelings,EpisodeVI,7
shuttle,EpisodeVI,7
want,EpisodeVI,7
fault,EpisodeIV,6
knew,EpisodeIV,6
jump,EpisodeIV,6
great,EpisodeIV,6
seen,EpisodeIV,6
looking,EpisodeIV,6
trying,EpisodeIV,6
year,EpisodeIV,6
academy,EpisodeIV,6
season,EpisodeIV,6
standing,EpisodeIV,6
jabba,EpisodeIV,6
run,EpisodeIV,6
still,EpisodeIV,6
things,EpisodeIV,6
leave,EpisodeIV,6
thousand,EpisodeIV,6
far,EpisodeIV,6
made,EpisodeIV,6
ships,EpisodeIV,6
pull,EpisodeIV,6
fire,EpisodeV,6
obiwan,EpisodeV,6
little,EpisodeV,6
kid,EpisodeV,6
course,EpisodeV,6
fleet,EpisodeV,6
friend,EpisodeV,6
learned,EpisodeV,6
shut,EpisodeV,6
troops,EpisodeV,6
calrissian,EpisodeV,6
give,EpisodeV,6
dack,EpisodeV,6
bad,EpisodeV,6
yet,EpisodeV,6
told,EpisodeV,6
even,EpisodeV,6
hunter,EpisodeV,6
far,EpisodeV,6
hope,EpisodeV,6
life,EpisodeIV,6
lock,EpisodeIV,6
base,EpisodeIV,6
senate,EpisodeIV,6
soon,EpisodeIV,6
along,EpisodeIV,6
fire,EpisodeIV,6
wonder,EpisodeIV,6
fight,EpisodeIV,6
dagobah,EpisodeV,6
reward,EpisodeIV,6
detention,EpisodeIV,6
level,EpisodeIV,6
control,EpisodeIV,6
keep,EpisodeIV,6
getting,EpisodeIV,6
forget,EpisodeIV,6
old,EpisodeV,6
beam,EpisodeIV,6
let,EpisodeVI,6
became,EpisodeVI,6
two,EpisodeVI,6
make,EpisodeVI,6
place,EpisodeVI,6
thought,EpisodeVI,6
gold,EpisodeVI,6
better,EpisodeVI,6
mother,EpisodeVI,6
use,EpisodeVI,6
long,EpisodeVI,6
course,EpisodeVI,6
ohhh,EpisodeVI,6
soon,EpisodeVI,6
things,EpisodeVI,6
commander,EpisodeVI,6
knew,EpisodeVI,6
wrong,EpisodeVI,6
training,EpisodeVI,6
thing,EpisodeVI,6
hold,EpisodeVI,6
easy,EpisodeVI,6
destiny,EpisodeVI,6
moon,EpisodeVI,6
face,EpisodeVI,6
alliance,EpisodeVI,6
cave,EpisodeV,5
gone,EpisodeV,5
chewbacca,EpisodeV,5
excuse,EpisodeV,5
try,EpisodeV,5
use,EpisodeV,5
looking,EpisodeV,5
scoundrel,EpisodeV,5
check,EpisodeV,5
patience,EpisodeV,5
ground,EpisodeV,5
ah,EpisodeV,5
hear,EpisodeV,5
freezing,EpisodeV,5
message,EpisodeIV,5
three,EpisodeV,5
easy,EpisodeV,5
destroy,EpisodeV,5
pal,EpisodeVI,5
main,EpisodeVI,5
said,EpisodeVI,5
ready,EpisodeIV,5
several,EpisodeIV,5
small,EpisodeIV,5
part,EpisodeIV,5
feel,EpisodeIV,5
end,EpisodeIV,5
tractor,EpisodeIV,5
uh,EpisodeV,5
understand,EpisodeV,5
leader,EpisodeV,5
along,EpisodeV,5
already,EpisodeVI,5
lot,EpisodeVI,5
remember,EpisodeVI,5
red,EpisodeVI,5
message,EpisodeVI,5
close,EpisodeVI,5
galaxy,EpisodeV,5
transports,EpisodeV,5
care,EpisodeV,5
watch,EpisodeV,5
wrong,EpisodeV,5
star,EpisodeV,5
hang,EpisodeV,5
millennium,EpisodeV,5
lord,EpisodeIV,5
friends,EpisodeV,5
attack,EpisodeV,5
ben,EpisodeV,5
last,EpisodeV,5
stupid,EpisodeV,5
land,EpisodeV,5
worry,EpisodeV,5
lost,EpisodeV,5
echo,EpisodeV,5
pretty,EpisodeV,5
thing,EpisodeV,5
seems,EpisodeIV,5
feel,EpisodeVI,5
destroy,EpisodeIV,5
star,EpisodeIV,5
give,EpisodeIV,5
wedge,EpisodeIV,5
range,EpisodeIV,5
whole,EpisodeIV,5
money,EpisodeIV,5
trust,EpisodeIV,5
whoa,EpisodeVI,5
speak,EpisodeVI,5
something,EpisodeVI,5
ship,EpisodeVI,5
okay,EpisodeVI,5
grab,EpisodeVI,5
pull,EpisodeVI,5
hate,EpisodeVI,5
hutt,EpisodeVI,5
endor,EpisodeVI,5
captain,EpisodeVI,5
turn,EpisodeVI,5
hope,EpisodeVI,5
care,EpisodeVI,5
huh,EpisodeVI,5
real,EpisodeIV,5
precise,EpisodeIV,5
full,EpisodeIV,5
sorry,EpisodeIV,5
kind,EpisodeIV,5
short,EpisodeIV,5
garbage,EpisodeIV,5
thank,EpisodeIV,5
three,EpisodeIV,5
understand,EpisodeIV,5
aboard,EpisodeIV,5
five,EpisodeIV,5
point,EpisodeIV,5
fighter,EpisodeIV,5
operational,EpisodeVI,5
attack,EpisodeIV,5
done,EpisodeIV,5
cut,EpisodeIV,5
information,EpisodeIV,5
day,EpisodeIV,5
almost,EpisodeIV,5
left,EpisodeIV,5
pilot,EpisodeIV,5
tydirium,EpisodeVI,4
command,EpisodeVI,4
darth,EpisodeVI,4
code,EpisodeVI,4
may,EpisodeVI,4
complete,EpisodeVI,4
done,EpisodeVI,4
sir,EpisodeVI,4
anger,EpisodeVI,4
far,EpisodeVI,4
search,EpisodeVI,4
hurry,EpisodeVI,4
group,EpisodeVI,4
mmm,EpisodeV,4
every,EpisodeV,4
people,EpisodeV,4
city,EpisodeV,4
true,EpisodeV,4
closer,EpisodeV,4
steady,EpisodeV,4
different,EpisodeV,4
thanks,EpisodeV,4
landing,EpisodeV,4
man,EpisodeV,4
powerful,EpisodeV,4
close,EpisodeV,4
hmm,EpisodeV,4
become,EpisodeV,4
knew,EpisodeV,4
open,EpisodeV,4
save,EpisodeV,4
commands,EpisodeV,4
ally,EpisodeV,4
die,EpisodeV,4
transport,EpisodeV,4
end,EpisodeV,4
eat,EpisodeV,4
dear,EpisodeV,4
saw,EpisodeV,4
knows,EpisodeV,4
alive,EpisodeV,4
training,EpisodeV,4
small,EpisodeV,4
cable,EpisodeV,4
supposed,EpisodeV,4
start,EpisodeV,4
nice,EpisodeV,4
longer,EpisodeV,4
say,EpisodeV,4
security,EpisodeV,4
remember,EpisodeV,4
choice,EpisodeV,4
sweetheart,EpisodeV,4
soon,EpisodeV,4
wookiee,EpisodeV,4
impossible,EpisodeV,4
finished,EpisodeV,4
says,EpisodeVI,4
getting,EpisodeV,4
fixed,EpisodeV,4
computer,EpisodeV,4
destiny,EpisodeV,4
afraid,EpisodeVI,4
times,EpisodeIV,4
computer,EpisodeIV,4
needs,EpisodeIV,4
bit,EpisodeIV,4
become,EpisodeIV,4
blaster,EpisodeIV,4
business,EpisodeIV,4
vaporators,EpisodeIV,4
care,EpisodeIV,4
morning,EpisodeIV,4
recording,EpisodeIV,4
mos,EpisodeIV,4
eisley,EpisodeIV,4
sometimes,EpisodeIV,4
location,EpisodeIV,4
choice,EpisodeIV,4
hyperspace,EpisodeIV,4
gotten,EpisodeIV,4
light,EpisodeIV,4
together,EpisodeIV,4
harvest,EpisodeIV,4
thatll,EpisodeIV,4
either,EpisodeIV,4
space,EpisodeIV,4
every,EpisodeIV,4
late,EpisodeIV,4
killed,EpisodeIV,4
heard,EpisodeIV,4
rest,EpisodeIV,4
play,EpisodeIV,4
everything,EpisodeIV,4
waiting,EpisodeIV,4
somebody,EpisodeIV,4
technical,EpisodeIV,4
call,EpisodeIV,4
friends,EpisodeIV,4
data,EpisodeIV,4
wish,EpisodeIV,4
yet,EpisodeIV,4
deactivate,EpisodeIV,4
gone,EpisodeIV,4
wrong,EpisodeIV,4
hand,EpisodeIV,4
minutes,EpisodeIV,4
seethreepio,EpisodeIV,4
door,EpisodeIV,4
stand,EpisodeIV,4
ways,EpisodeIV,4
learn,EpisodeIV,4
mean,EpisodeIV,4
entire,EpisodeIV,4
galaxy,EpisodeIV,4
weapons,EpisodeIV,4
obiwan,EpisodeVI,4
family,EpisodeVI,4
gift,EpisodeVI,4
moment,EpisodeVI,4
feeling,EpisodeVI,4
thanks,EpisodeVI,4
hmm,EpisodeVI,4
eyes,EpisodeVI,4
left,EpisodeVI,4
might,EpisodeVI,4
quickly,EpisodeVI,4
freeze,EpisodeVI,4
say,EpisodeVI,4
much,EpisodeVI,4
goin,EpisodeVI,4
threepio,EpisodeVI,4
thousand,EpisodeVI,4
promise,EpisodeVI,4
fire,EpisodeVI,4
first,EpisodeVI,4
pay,EpisodeVI,4
anakin,EpisodeVI,4
perhaps,EpisodeVI,4
real,EpisodeVI,4
found,EpisodeVI,4
board,EpisodeIV,4
confront,EpisodeVI,4
itll,EpisodeVI,4
new,EpisodeVI,4
fathers,EpisodeVI,4
princess,EpisodeVI,4
quite,EpisodeVI,4
son,EpisodeVI,4
longer,EpisodeVI,4
rest,EpisodeVI,4
dear,EpisodeVI,4
generator,EpisodeVI,4
goodness,EpisodeVI,4
idea,EpisodeVI,4
save,EpisodeVI,4
destroy,EpisodeVI,4
follow,EpisodeVI,4
somebody,EpisodeVI,4
believe,EpisodeVI,4
weapon,EpisodeVI,4
lost,EpisodeIV,4
move,EpisodeV,4
commander,EpisodeIV,4
gets,EpisodeIV,4
fighters,EpisodeIV,4
shot,EpisodeIV,4
hang,EpisodeIV,4
plan,EpisodeIV,4
leader,EpisodeIV,4
rescue,EpisodeIV,4
reactor,EpisodeIV,4
another,EpisodeIV,4
stations,EpisodeIV,4
aint,EpisodeIV,4
bring,EpisodeIV,4
send,EpisodeIV,4
fool,EpisodeIV,4
known,EpisodeIV,4
cell,EpisodeIV,4
ii,EpisodeVI,3
true,EpisodeVI,3
position,EpisodeVI,3
path,EpisodeVI,3
stop,EpisodeVI,3
ready,EpisodeVI,3
truth,EpisodeVI,3
quick,EpisodeVI,3
hurt,EpisodeVI,3
unfortunate,EpisodeVI,3
clear,EpisodeVI,3
luck,EpisodeVI,3
underestimate,EpisodeVI,3
ask,EpisodeVI,3
try,EpisodeVI,3
crazy,EpisodeVI,3
battle,EpisodeVI,3
wonder,EpisodeVI,3
pretty,EpisodeVI,3
view,EpisodeVI,3
forward,EpisodeVI,3
kind,EpisodeVI,3
forever,EpisodeVI,3
understand,EpisodeVI,3
big,EpisodeVI,3
everything,EpisodeVI,3
getting,EpisodeVI,3
stand,EpisodeVI,3
door,EpisodeVI,3
kill,EpisodeVI,3
another,EpisodeVI,3
felt,EpisodeVI,3
safe,EpisodeVI,3
craft,EpisodeVI,3
allowed,EpisodeVI,3
dangerous,EpisodeVI,3
conflict,EpisodeVI,3
meet,EpisodeVI,3
dead,EpisodeVI,3
foreseen,EpisodeVI,3
yeah,EpisodeVI,3
late,EpisodeVI,3
deflector,EpisodeVI,3
welcome,EpisodeVI,3
still,EpisodeVI,3
wookiee,EpisodeVI,3
chewbacca,EpisodeVI,3
knight,EpisodeVI,3
mighty,EpisodeVI,3
without,EpisodeVI,3
bargain,EpisodeVI,3
firepower,EpisodeVI,3
many,EpisodeVI,3
calrissian,EpisodeVI,3
possibly,EpisodeVI,3
put,EpisodeVI,3
lukes,EpisodeVI,3
protocol,EpisodeVI,3
presence,EpisodeVI,3
destroyers,EpisodeVI,3
alert,EpisodeV,3
copy,EpisodeVI,3
serve,EpisodeVI,3
watch,EpisodeVI,3
six,EpisodeVI,3
powers,EpisodeVI,3
boy,EpisodeVI,3
destroyed,EpisodeVI,3
cruisers,EpisodeVI,3
three,EpisodeVI,3
worry,EpisodeVI,3
free,EpisodeVI,3
mind,EpisodeVI,3
live,EpisodeVI,3
turned,EpisodeVI,3
lightsaber,EpisodeVI,3
took,EpisodeVI,3
really,EpisodeVI,3
angry,EpisodeVI,3
wedge,EpisodeVI,3
fight,EpisodeVI,3
sorry,EpisodeVI,3
admiral,EpisodeVI,3
sign,EpisodeIV,3
always,EpisodeV,3
beginning,EpisodeIV,3
spice,EpisodeIV,3
therell,EpisodeIV,3
droid,EpisodeVI,3
sent,EpisodeIV,3
besides,EpisodeIV,3
rock,EpisodeIV,3
shield,EpisodeIV,3
place,EpisodeIV,3
idea,EpisodeIV,3
heading,EpisodeIV,3
artoodetoo,EpisodeIV,3
stolen,EpisodeIV,3
chance,EpisodeIV,3
leaving,EpisodeIV,3
stories,EpisodeIV,3
guess,EpisodeIV,3
without,EpisodeIV,3
fear,EpisodeIV,3
local,EpisodeIV,3
rebels,EpisodeIV,3
person,EpisodeIV,3
beyond,EpisodeIV,3
weakness,EpisodeIV,3
doors,EpisodeIV,3
captain,EpisodeIV,3
large,EpisodeIV,3
makes,EpisodeIV,3
damaged,EpisodeV,3
deflector,EpisodeIV,3
captured,EpisodeIV,3
boss,EpisodeIV,3
leia,EpisodeIV,3
greedo,EpisodeIV,3
greater,EpisodeIV,3
crew,EpisodeIV,3
important,EpisodeIV,3
trip,EpisodeIV,3
win,EpisodeIV,3
fine,EpisodeIV,3
quiet,EpisodeIV,3
controls,EpisodeIV,3
cover,EpisodeIV,3
belongs,EpisodeIV,3
felt,EpisodeIV,3
across,EpisodeIV,3
secure,EpisodeIV,3
em,EpisodeIV,3
tower,EpisodeIV,3
luck,EpisodeIV,3
malfunctioning,EpisodeIV,3
dantooine,EpisodeIV,3
hands,EpisodeIV,3
target,EpisodeIV,3
fry,EpisodeIV,3
negative,EpisodeIV,3
service,EpisodeIV,3
condition,EpisodeIV,3
jawas,EpisodeIV,3
solo,EpisodeIV,3
step,EpisodeIV,3
fathers,EpisodeIV,3
highness,EpisodeIV,3
straight,EpisodeIV,3
remember,EpisodeIV,3
blasters,EpisodeIV,3
bocce,EpisodeIV,3
apart,EpisodeIV,3
presence,EpisodeIV,3
bolt,EpisodeIV,3
name,EpisodeIV,3
holding,EpisodeIV,3
starfleet,EpisodeIV,3
maybe,EpisodeIV,3
extra,EpisodeIV,3
anyone,EpisodeIV,3
outrun,EpisodeIV,3
powerful,EpisodeIV,3
wars,EpisodeIV,3
restricted,EpisodeIV,3
block,EpisodeIV,3
area,EpisodeIV,3
freighter,EpisodeIV,3
pardon,EpisodeIV,3
port,EpisodeIV,3
identification,EpisodeIV,3
alliance,EpisodeIV,3
wanted,EpisodeIV,3
clear,EpisodeIV,3
imagine,EpisodeIV,3
troops,EpisodeIV,3
suggest,EpisodeIV,3
rich,EpisodeIV,3
commission,EpisodeIV,3
na,EpisodeIV,3
young,EpisodeIV,3
darth,EpisodeIV,3
guys,EpisodeIV,3
hello,EpisodeIV,3
safe,EpisodeIV,3
pick,EpisodeIV,3
mashers,EpisodeIV,3
gon,EpisodeIV,3
universe,EpisodeIV,3
fact,EpisodeIV,3
matter,EpisodeIV,3
operational,EpisodeIV,3
copy,EpisodeIV,3
change,EpisodeIV,3
emperor,EpisodeIV,3
impossible,EpisodeIV,3
open,EpisodeIV,3
paid,EpisodeIV,3
worse,EpisodeIV,3
anchorhead,EpisodeIV,3
bring,EpisodeV,3
pass,EpisodeV,3
lot,EpisodeV,3
work,EpisodeV,3
slimy,EpisodeV,3
food,EpisodeV,3
mmmm,EpisodeV,3
position,EpisodeV,3
sometimes,EpisodeV,3
almost,EpisodeV,3
safe,EpisodeV,3
perfectly,EpisodeV,3
hurry,EpisodeV,3
made,EpisodeV,3
said,EpisodeV,3
trouble,EpisodeV,3
main,EpisodeV,3
stand,EpisodeV,3
coupling,EpisodeV,3
boy,EpisodeV,3
assault,EpisodeV,3
fault,EpisodeV,3
strength,EpisodeV,3
fail,EpisodeV,3
area,EpisodeV,3
trained,EpisodeV,3
follow,EpisodeV,3
harpoon,EpisodeV,3
shot,EpisodeV,3
kind,EpisodeV,3
future,EpisodeV,3
hello,EpisodeV,3
everything,EpisodeV,3
command,EpisodeV,3
moving,EpisodeV,3
signal,EpisodeV,3
friendly,EpisodeV,3
send,EpisodeV,3
trap,EpisodeV,3
left,EpisodeV,3
droid,EpisodeV,3
attention,EpisodeV,3
moments,EpisodeV,3
operation,EpisodeV,3
hoth,EpisodeV,3
fix,EpisodeV,3
happened,EpisodeV,3
rebels,EpisodeV,3
promise,EpisodeV,3
men,EpisodeV,3
facility,EpisodeV,3
sector,EpisodeV,3
son,EpisodeV,3
hold,EpisodeV,3
hm,EpisodeV,3
destroyer,EpisodeV,3
taken,EpisodeIV,3
replace,EpisodeV,3
hut,EpisodeV,3
dead,EpisodeV,3
fighter,EpisodeV,3
highness,EpisodeV,3
guess,EpisodeV,3
lose,EpisodeV,3
benben,EpisodeV,3
learn,EpisodeV,3
looks,EpisodeV,3
human,EpisodeV,3
commander,EpisodeV,3
talk,EpisodeV,3
dark,EpisodeIV,3
moving,EpisodeIV,3
itll,EpisodeIV,3
turn,EpisodeIV,3
shake,EpisodeIV,3
seem,EpisodeIV,3
destroyed,EpisodeIV,3
pretty,EpisodeIV,3
hidden,EpisodeIV,3
minute,EpisodeIV,3
transmissions,EpisodeIV,3
concern,EpisodeIV,3
shields,EpisodeIV,3
jabba,EpisodeV,3
pay,EpisodeV,3
hundred,EpisodeV,3
clear,EpisodeV,3
path,EpisodeV,3
welcome,EpisodeV,3
past,EpisodeV,3
rendezvous,EpisodeV,3
luck,EpisodeV,3
target,EpisodeV,3
first,EpisodeV,3
new,EpisodeV,3
crazy,EpisodeV,3
big,EpisodeV,3
actually,EpisodeV,3
danger,EpisodeV,3
possible,EpisodeV,3
kiss,EpisodeV,3
giving,EpisodeV,3
readings,EpisodeV,3
contact,EpisodeV,3
difficult,EpisodeV,3
seven,EpisodeV,3
feeling,EpisodeV,3
says,EpisodeV,3
huh,EpisodeV,3
copy,EpisodeV,3
outside,EpisodeV,3
learn,EpisodeVI,3
ah,EpisodeVI,3
another,EpisodeV,3
interested,EpisodeV,2
dangerous,EpisodeV,2
attached,EpisodeV,2
rest,EpisodeV,2
probe,EpisodeV,2
place,EpisodeV,2
evacuation,EpisodeV,2
worship,EpisodeV,2
strange,EpisodeV,2
droids,EpisodeV,2
direct,EpisodeV,2
ouch,EpisodeV,2
station,EpisodeV,2
meteor,EpisodeIV,2
opinion,EpisodeV,2
sign,EpisodeV,2
many,EpisodeV,2
reckless,EpisodeV,2
heh,EpisodeV,2
shuttle,EpisodeV,2
heavy,EpisodeV,2
full,EpisodeV,2
responsibility,EpisodeV,2
fully,EpisodeV,2
scan,EpisodeV,2
threepio,EpisodeV,2
perfect,EpisodeV,2
calm,EpisodeV,2
protect,EpisodeV,2
together,EpisodeV,2
cover,EpisodeV,2
word,EpisodeV,2
responsible,EpisodeV,2
turned,EpisodeV,2
patrols,EpisodeV,2
next,EpisodeV,2
pick,EpisodeV,2
detach,EpisodeV,2
piett,EpisodeV,2
somethings,EpisodeV,2
mining,EpisodeV,2
worse,EpisodeV,2
goes,EpisodeV,2
warrior,EpisodeV,2
jump,EpisodeV,2
hmmm,EpisodeV,2
someone,EpisodeV,2
deflector,EpisodeV,2
gas,EpisodeV,2
somebody,EpisodeV,2
wondering,EpisodeV,2
choose,EpisodeV,2
fair,EpisodeV,2
shoo,EpisodeV,2
second,EpisodeV,2
leads,EpisodeV,2
carbon,EpisodeV,2
built,EpisodeV,2
teach,EpisodeV,2
anger,EpisodeV,2
freeze,EpisodeV,2
price,EpisodeV,2
size,EpisodeV,2
felt,EpisodeV,2
destroyers,EpisodeV,2
matters,EpisodeV,2
head,EpisodeV,2
careful,EpisodeV,2
hate,EpisodeV,2
taught,EpisodeV,2
million,EpisodeIV,2
broken,EpisodeIV,2
shaft,EpisodeIV,2
numbers,EpisodeIV,2
chain,EpisodeIV,2
allow,EpisodeIV,2
reaction,EpisodeIV,2
son,EpisodeIV,2
circuits,EpisodeIV,2
death,EpisodeV,2
young,EpisodeV,2
center,EpisodeV,2
code,EpisodeV,2
alone,EpisodeV,2
south,EpisodeV,2
feelings,EpisodeV,2
questions,EpisodeV,2
forever,EpisodeV,2
fight,EpisodeV,2
laser,EpisodeV,2
quick,EpisodeV,2
flow,EpisodeV,2
report,EpisodeV,2
delusions,EpisodeV,2
base,EpisodeV,2
minute,EpisodeV,2
evil,EpisodeV,2
twelve,EpisodeV,2
beam,EpisodeV,2
east,EpisodeV,2
tractor,EpisodeV,2
escape,EpisodeV,2
slow,EpisodeV,2
forms,EpisodeV,2
finds,EpisodeV,2
committee,EpisodeV,2
landos,EpisodeV,2
matter,EpisodeV,2
entered,EpisodeV,2
boys,EpisodeV,2
tight,EpisodeV,2
changed,EpisodeV,2
talking,EpisodeV,2
manual,EpisodeV,2
deal,EpisodeV,2
garbage,EpisodeV,2
tow,EpisodeV,2
cables,EpisodeV,2
legs,EpisodeV,2
chance,EpisodeV,2
asteroids,EpisodeV,2
range,EpisodeV,2
mudhole,EpisodeV,2
admit,EpisodeV,2
anoat,EpisodeV,2
generator,EpisodeV,2
generators,EpisodeV,2
everyone,EpisodeV,2
mess,EpisodeV,2
dirty,EpisodeV,2
crude,EpisodeV,2
deploy,EpisodeV,2
destroyed,EpisodeV,2
pull,EpisodeV,2
apart,EpisodeV,2
though,EpisodeV,2
believe,EpisodeV,2
knights,EpisodeIV,2
maintenance,EpisodeIV,2
turned,EpisodeIV,2
mine,EpisodeIV,2
courage,EpisodeIV,2
top,EpisodeIV,2
moment,EpisodeIV,2
increase,EpisodeIV,2
kept,EpisodeIV,2
republic,EpisodeIV,2
repair,EpisodeIV,2
outer,EpisodeIV,2
feared,EpisodeIV,2
creatures,EpisodeIV,2
exhaust,EpisodeIV,2
return,EpisodeIV,2
fortunate,EpisodeIV,2
hobbie,EpisodeV,2
release,EpisodeV,2
junk,EpisodeV,2
doors,EpisodeV,2
catch,EpisodeV,2
negative,EpisodeV,2
least,EpisodeV,2
north,EpisodeV,2
others,EpisodeV,2
wants,EpisodeV,2
begun,EpisodeV,2
return,EpisodeV,2
excited,EpisodeV,2
nobody,EpisodeV,2
meteorite,EpisodeV,2
clouds,EpisodeV,2
complete,EpisodeV,2
intrude,EpisodeV,2
ask,EpisodeV,2
suggest,EpisodeV,2
bucket,EpisodeV,2
terribly,EpisodeV,2
surprises,EpisodeV,2
officer,EpisodeV,2
sounds,EpisodeV,2
stable,EpisodeV,2
deck,EpisodeV,2
punch,EpisodeV,2
takeoff,EpisodeV,2
face,EpisodeV,2
entirely,EpisodeV,2
near,EpisodeV,2
watched,EpisodeV,2
blame,EpisodeV,2
love,EpisodeV,2
fighters,EpisodeV,2
familiar,EpisodeV,2
sensors,EpisodeV,2
scopes,EpisodeV,2
chamber,EpisodeV,2
pulverized,EpisodeV,2
trembling,EpisodeV,2
perhaps,EpisodeV,2
smell,EpisodeV,2
mistake,EpisodeV,2
hands,EpisodeV,2
enemy,EpisodeV,2
sound,EpisodeV,2
broken,EpisodeV,2
gotten,EpisodeV,2
meet,EpisodeV,2
odds,EpisodeV,2
switch,EpisodeV,2
beginning,EpisodeV,2
point,EpisodeV,2
quiet,EpisodeV,2
interesting,EpisodeV,2
problems,EpisodeV,2
wedge,EpisodeV,2
begin,EpisodeV,2
flight,EpisodeIV,2
devotion,EpisodeIV,2
piece,EpisodeIV,2
catch,EpisodeIV,2
load,EpisodeIV,2
kidding,EpisodeIV,2
restraining,EpisodeIV,2
join,EpisodeIV,2
prisoner,EpisodeIV,2
boys,EpisodeIV,2
set,EpisodeIV,2
working,EpisodeIV,2
alive,EpisodeIV,2
central,EpisodeIV,2
goes,EpisodeIV,2
hot,EpisodeIV,2
stick,EpisodeIV,2
certainly,EpisodeIV,2
expect,EpisodeIV,2
missed,EpisodeIV,2
playing,EpisodeIV,2
sound,EpisodeIV,2
carrying,EpisodeIV,2
comes,EpisodeIV,2
binary,EpisodeIV,2
mouth,EpisodeIV,2
wormie,EpisodeIV,2
strange,EpisodeIV,2
lives,EpisodeIV,2
merely,EpisodeIV,2
named,EpisodeIV,2
buy,EpisodeIV,2
worth,EpisodeIV,2
careful,EpisodeIV,2
twelve,EpisodeIV,2
men,EpisodeIV,2
path,EpisodeIV,2
release,EpisodeIV,2
ideas,EpisodeIV,2
strong,EpisodeIV,2
anywhere,EpisodeIV,2
kill,EpisodeIV,2
discovered,EpisodeIV,2
taking,EpisodeIV,2
sold,EpisodeIV,2
tracks,EpisodeIV,2
loose,EpisodeIV,2
provide,EpisodeIV,2
south,EpisodeIV,2
hate,EpisodeIV,2
probably,EpisodeIV,2
neck,EpisodeIV,2
fair,EpisodeIV,2
directly,EpisodeIV,2
spies,EpisodeIV,2
retrieve,EpisodeIV,2
millennium,EpisodeIV,2
second,EpisodeIV,2
forgot,EpisodeIV,2
doomed,EpisodeIV,2
knows,EpisodeIV,2
sit,EpisodeIV,2
goodbye,EpisodeIV,2
bushpilot,EpisodeIV,2
meant,EpisodeIV,2
tomorrow,EpisodeIV,2
cleaning,EpisodeIV,2
direction,EpisodeIV,2
slight,EpisodeIV,2
memory,EpisodeIV,2
please,EpisodeIV,2
kessel,EpisodeIV,2
upset,EpisodeIV,2
telling,EpisodeIV,2
transport,EpisodeIV,2
shutting,EpisodeIV,2
diplomatic,EpisodeIV,2
logic,EpisodeIV,2
regret,EpisodeIV,2
inform,EpisodeIV,2
starships,EpisodeIV,2
beru,EpisodeIV,2
aunt,EpisodeIV,2
stop,EpisodeIV,2
language,EpisodeIV,2
mess,EpisodeIV,2
suffer,EpisodeIV,2
happen,EpisodeIV,2
someday,EpisodeIV,2
interesting,EpisodeIV,2
jammed,EpisodeIV,2
application,EpisodeIV,2
counterpart,EpisodeIV,2
asked,EpisodeIV,2
wake,EpisodeIV,2
secret,EpisodeIV,2
malfunction,EpisodeIV,2
shoot,EpisodeIV,2
traced,EpisodeIV,2
funny,EpisodeIV,2
anyways,EpisodeIV,2
forever,EpisodeIV,2
barely,EpisodeIV,2
word,EpisodeIV,2
property,EpisodeIV,2
whatre,EpisodeIV,2
ambassador,EpisodeIV,2
canyon,EpisodeIV,2
already,EpisodeIV,2
falcon,EpisodeIV,2
shooting,EpisodeIV,2
lucky,EpisodeIV,2
moon,EpisodeIV,2
head,EpisodeIV,2
feeling,EpisodeIV,2
towards,EpisodeIV,2
outboard,EpisodeIV,2
price,EpisodeIV,2
jabbas,EpisodeIV,2
blasted,EpisodeIV,2
save,EpisodeIV,2
jettisoned,EpisodeIV,2
check,EpisodeIV,2
scanning,EpisodeIV,2
ninetyfour,EpisodeIV,2
huh,EpisodeIV,2
seventeen,EpisodeIV,2
checked,EpisodeIV,2
plus,EpisodeIV,2
bet,EpisodeIV,2
fly,EpisodeIV,2
boarded,EpisodeIV,2
body,EpisodeIV,2
demonstrate,EpisodeIV,2
suddenly,EpisodeIV,2
size,EpisodeIV,2
itd,EpisodeIV,2
quick,EpisodeIV,2
cruiser,EpisodeIV,2
sense,EpisodeIV,2
meters,EpisodeIV,2
talk,EpisodeIV,2
ahead,EpisodeIV,2
sight,EpisodeIV,2
formation,EpisodeIV,2
ease,EpisodeIV,2
sister,EpisodeIV,2
analyzed,EpisodeIV,2
half,EpisodeIV,2
oneman,EpisodeIV,2
knight,EpisodeIV,2
tight,EpisodeIV,2
cause,EpisodeIV,2
clone,EpisodeIV,2
involved,EpisodeIV,2
somewhere,EpisodeIV,2
group,EpisodeIV,2
defense,EpisodeIV,2
tarkin,EpisodeIV,2
religion,EpisodeIV,2
extinct,EpisodeIV,2
smuggling,EpisodeIV,2
terminate,EpisodeIV,2
lose,EpisodeIV,2
alone,EpisodeIV,2
obtained,EpisodeIV,2
territories,EpisodeIV,2
direct,EpisodeIV,2
alert,EpisodeIV,2
behind,EpisodeIV,2
continue,EpisodeIV,2
chute,EpisodeIV,2
guy,EpisodeIV,2
desperate,EpisodeIV,2
smell,EpisodeIV,2
delivered,EpisodeIV,2
safely,EpisodeIV,2
ago,EpisodeIV,2
figure,EpisodeIV,2
wonderful,EpisodeIV,2
grab,EpisodeIV,2
living,EpisodeIV,2
field,EpisodeIV,2
energy,EpisodeIV,2
terror,EpisodeIV,2
ancient,EpisodeIV,2
hard,EpisodeIV,2
speeder,EpisodeIV,2
passengers,EpisodeIV,2
surely,EpisodeIV,2
complete,EpisodeIV,2
possibly,EpisodeIV,2
boring,EpisodeIV,2
sharp,EpisodeIV,2
prefer,EpisodeIV,2
calculations,EpisodeIV,2
angle,EpisodeIV,2
asking,EpisodeIV,2
remote,EpisodeIV,2
wise,EpisodeIV,2
pleasure,EpisodeIV,2
wookiee,EpisodeIV,2
shipment,EpisodeIV,2
poor,EpisodeIV,2
disappoint,EpisodeIV,2
expected,EpisodeIV,2
match,EpisodeIV,2
stuff,EpisodeIV,2
destiny,EpisodeIV,2
lied,EpisodeIV,2
immediately,EpisodeIV,2
ten,EpisodeIV,2
past,EpisodeIV,2
guns,EpisodeIV,2
avoid,EpisodeIV,2
leak,EpisodeIV,2
throttle,EpisodeIV,2
helped,EpisodeIV,2
weapon,EpisodeIV,2
alderaan,EpisodeVI,2
suppose,EpisodeVI,2
knock,EpisodeVI,2
spoke,EpisodeVI,2
empire,EpisodeVI,2
lack,EpisodeVI,2
foster,EpisodeVI,2
cut,EpisodeVI,2
trouble,EpisodeVI,2
politically,EpisodeVI,2
organa,EpisodeVI,2
mean,EpisodeVI,2
senator,EpisodeVI,2
tatooine,EpisodeVI,2
possible,EpisodeVI,2
wanted,EpisodeVI,2
made,EpisodeVI,2
sanctuary,EpisodeVI,2
twin,EpisodeVI,2
chance,EpisodeVI,2
hundred,EpisodeVI,2
wawait,EpisodeVI,2
rather,EpisodeVI,2
skills,EpisodeVI,2
pilot,EpisodeVI,2
clearance,EpisodeVI,2
schedule,EpisodeVI,2
asks,EpisodeVI,2
closer,EpisodeVI,2
certain,EpisodeVI,2
hello,EpisodeVI,2
finished,EpisodeVI,2
head,EpisodeVI,2
taught,EpisodeVI,2
part,EpisodeVI,2
bo,EpisodeVI,2
anything,EpisodeVI,2
saying,EpisodeVI,2
escape,EpisodeVI,2
squad,EpisodeVI,2
ben,EpisodeVI,2
mistaken,EpisodeVI,2
proper,EpisodeVI,2
hide,EpisodeVI,2
near,EpisodeVI,2
witness,EpisodeVI,2
pass,EpisodeVI,2
sarlacc,EpisodeVI,2
prepare,EpisodeVI,2
disintegrated,EpisodeVI,2
ugh,EpisodeVI,2
trap,EpisodeVI,2
guards,EpisodeVI,2
bounty,EpisodeVI,2
blur,EpisodeVI,2
taken,EpisodeVI,2
million,EpisodeVI,2
sector,EpisodeVI,2
piece,EpisodeVI,2
lock,EpisodeVI,2
holding,EpisodeVI,2
using,EpisodeVI,2
choice,EpisodeVI,2
entrance,EpisodeVI,2
stick,EpisodeVI,2
fluent,EpisodeVI,2
strike,EpisodeVI,2
immediately,EpisodeVI,2
end,EpisodeVI,2
everybody,EpisodeVI,2
even,EpisodeVI,2
suffer,EpisodeVI,2
mistake,EpisodeVI,2
looking,EpisodeVI,2
fault,EpisodeVI,2
ta,EpisodeVI,2
standing,EpisodeVI,2
fifty,EpisodeVI,2
someone,EpisodeVI,2
less,EpisodeVI,2
communication,EpisodeVI,2
forms,EpisodeVI,2
return,EpisodeVI,2
together,EpisodeVI,2
years,EpisodeVI,2
fit,EpisodeVI,2
goes,EpisodeVI,2
rescue,EpisodeVI,2
sound,EpisodeVI,2
fool,EpisodeVI,2
deactivation,EpisodeVI,2
pleasure,EpisodeVI,2
explanation,EpisodeIV,2
fully,EpisodeVI,2
scum,EpisodeVI,2
range,EpisodeVI,2
name,EpisodeVI,2
carbonite,EpisodeVI,2
boba,EpisodeVI,2
fett,EpisodeVI,2
frozen,EpisodeVI,2
lower,EpisodeVI,2
trying,EpisodeVI,2
almost,EpisodeVI,2
buddy,EpisodeVI,2
gun,EpisodeVI,2
higher,EpisodeVI,2
apprentice,EpisodeVI,2
failed,EpisodeVI,2
deck,EpisodeVI,2
jump,EpisodeVI,2
accepted,EpisodeVI,2
system,EpisodeVI,2
expecting,EpisodeVI,2
highness,EpisodeVI,2
thank,EpisodeVI,2
thoughts,EpisodeVI,2
fear,EpisodeVI,2
sort,EpisodeVI,2
lost,EpisodeVI,2
seduced,EpisodeVI,2
become,EpisodeVI,2
betrayed,EpisodeVI,2
seek,EpisodeVI,2
reach,EpisodeVI,2
upon,EpisodeVI,2
betray,EpisodeVI,2
alone,EpisodeVI,2
yet,EpisodeVI,2
remains,EpisodeVI,2
wan,EpisodeVI,2
magic,EpisodeVI,2
gone,EpisodeVI,2
terribly,EpisodeVI,2
show,EpisodeVI,2
audience,EpisodeVI,2
jedis,EpisodeVI,2
guess,EpisodeVI,2
kid,EpisodeVI,2
thinking,EpisodeVI,2
ahhh,EpisodeVI,2
station,EpisodeVI,2
forest,EpisodeVI,2
planned,EpisodeVI,2
commence,EpisodeVI,2
lead,EpisodeVI,2
intensify,EpisodeVI,2
reactor,EpisodeVI,2
assure,EpisodeVI,2
paid,EpisodeVI,2
price,EpisodeVI,2
vaders,EpisodeVI,2
rebellion,EpisodeVI,2
set,EpisodeVI,2
orders,EpisodeVI,2
outta,EpisodeVI,2
unexpected,EpisodeVI,2
please,EpisodeVI,2
pirate,EpisodeVI,2
scratch,EpisodeVI,2
although,EpisodeVI,2
ways,EpisodeVI,2
armed,EpisodeVI,2
mission,EpisodeVI,2
droids,EpisodeVI,2
present,EpisodeVI,2
conduct,EpisodeVI,2
awake,EpisodeVI,2
owe,EpisodeVI,2
happened,EpisodeVI,2
means,EpisodeVI,2
life,EpisodeVI,2
comin,EpisodeVI,2
run,EpisodeVI,2
mine,EpisodeVI,2
man,EpisodeVI,2
fast,EpisodeVI,2
jittery,EpisodeVI,2
ships,EpisodeVI,2
fly,EpisodeVI,2
men,EpisodeVI,2
distance,EpisodeVI,2
endangering,EpisodeVI,2
beg,EpisodeVI,2
bigger,EpisodeIV,2
evil,EpisodeIV,2
nowhere,EpisodeIV,2
follow,EpisodeIV,2
patience,EpisodeVI,2
stormtroopers,EpisodeIV,1
vaders,EpisodeIV,1
losing,EpisodeIV,1
ridge,EpisodeIV,1
entered,EpisodeIV,1
governor,EpisodeIV,1
recognized,EpisodeIV,1
leash,EpisodeIV,1
skyhoppers,EpisodeIV,1
foul,EpisodeIV,1
stench,EpisodeIV,1
brought,EpisodeIV,1
hottest,EpisodeIV,1
flashing,EpisodeIV,1
counts,EpisodeIV,1
thatd,EpisodeIV,1
bargain,EpisodeIV,1
fantastic,EpisodeIV,1
junk,EpisodeIV,1
persuasion,EpisodeIV,1
form,EpisodeIV,1
alternative,EpisodeIV,1
respond,EpisodeIV,1
perhaps,EpisodeIV,1
extract,EpisodeIV,1
considerable,EpisodeIV,1
probe,EpisodeIV,1
resistance,EpisodeIV,1
charming,EpisodeIV,1
order,EpisodeIV,1
signing,EpisodeIV,1
modifications,EpisodeIV,1
wall,EpisodeIV,1
maneuvers,EpisodeIV,1
giant,EpisodeIV,1
floating,EpisodeIV,1
soft,EpisodeIV,1
city,EpisodeIV,1
soquiet,EpisodeIV,1
hotter,EpisodeIV,1
travel,EpisodeIV,1
frigate,EpisodeIV,1
forgotten,EpisodeIV,1
rushed,EpisodeIV,1
special,EpisodeIV,1
forward,EpisodeIV,1
bounce,EpisodeIV,1
added,EpisodeIV,1
supernova,EpisodeIV,1
whammo,EpisodeIV,1
tighten,EpisodeIV,1
oppose,EpisodeIV,1
dare,EpisodeIV,1
ceremony,EpisodeIV,1
guest,EpisodeIV,1
execution,EpisodeIV,1
responsibility,EpisodeIV,1
grounded,EpisodeIV,1
killing,EpisodeIV,1
likely,EpisodeIV,1
stuck,EpisodeIV,1
disturbing,EpisodeIV,1
valuable,EpisodeIV,1
smuggler,EpisodeIV,1
type,EpisodeIV,1
crater,EpisodeIV,1
boasting,EpisodeIV,1
xpthirty-eight,EpisodeIV,1
rather,EpisodeIV,1
bestine,EpisodeIV,1
street,EpisodeIV,1
contact,EpisodeIV,1
talked,EpisodeIV,1
stationset,EpisodeIV,1
faith,EpisodeIV,1
delays,EpisodeIV,1
lack,EpisodeIV,1
easily,EpisodeIV,1
indoors,EpisodeIV,1
owning,EpisodeIV,1
belong,EpisodeIV,1
born,EpisodeIV,1
hermit,EpisodeIV,1
sounds,EpisodeIV,1
circuited,EpisodeIV,1
relative,EpisodeIV,1
claims,EpisodeIV,1
stopping,EpisodeIV,1
relaying,EpisodeIV,1
twerps,EpisodeIV,1
term,EpisodeIV,1
spreading,EpisodeIV,1
fun,EpisodeIV,1
cancel,EpisodeIV,1
shipments,EpisodeIV,1
drop,EpisodeIV,1
smugglers,EpisodeIV,1
unrest,EpisodeIV,1
among,EpisodeIV,1
hunter,EpisodeIV,1
bounty,EpisodeIV,1
raided,EpisodeIV,1
outskirts,EpisodeIV,1
colony,EpisodeIV,1
ya,EpisodeIV,1
dump,EpisodeIV,1
draft,EpisodeIV,1
leias,EpisodeIV,1
civilized,EpisodeIV,1
near,EpisodeIV,1
percent,EpisodeIV,1
twenty,EpisodeIV,1
charter,EpisodeIV,1
gota,EpisodeIV,1
starship,EpisodeIV,1
dumped,EpisodeIV,1
smuggled,EpisodeIV,1
exception,EpisodeIV,1
tobe,EpisodeIV,1
begins,EpisodeIV,1
chores,EpisodeIV,1
slaving,EpisodeIV,1
systemsit,EpisodeIV,1
cargo,EpisodeIV,1
environment,EpisodeIV,1
programmed,EpisodeIV,1
suit,EpisodeIV,1
insult,EpisodeIV,1
speak,EpisodeIV,1
death,EpisodeIV,1
sentence,EpisodeIV,1
similar,EpisodeIV,1
lifters,EpisodeIV,1
effort,EpisodeIV,1
programming,EpisodeIV,1
job,EpisodeIV,1
chewbacca,EpisodeIV,1
firstmate,EpisodeIV,1
moisture,EpisodeIV,1
corellian,EpisodeIV,1
languages,EpisodeIV,1
understands,EpisodeIV,1
functions,EpisodeIV,1
tells,EpisodeIV,1
passage,EpisodeIV,1
indeed,EpisodeIV,1
secondary,EpisodeIV,1
less,EpisodeIV,1
parsecs,EpisodeIV,1
tenant,EpisodeIV,1
accurate,EpisodeIV,1
bulkcruisers,EpisodeIV,1
sell,EpisodeIV,1
waste,EpisodeIV,1
slaughter,EpisodeIV,1
robots,EpisodeIV,1
agree,EpisodeIV,1
negola,EpisodeIV,1
dewaghi,EpisodeIV,1
wooldugger,EpisodeIV,1
protocol,EpisodeIV,1
questions,EpisodeIV,1
remind,EpisodeIV,1
entanglements,EpisodeIV,1
trick,EpisodeIV,1
cost,EpisodeIV,1
speaks,EpisodeIV,1
translator,EpisodeIV,1
advance,EpisodeIV,1
melt,EpisodeIV,1
fifteen,EpisodeIV,1
reach,EpisodeIV,1
drafted,EpisodeIV,1
lookout,EpisodeIV,1
docking,EpisodeIV,1
bay,EpisodeIV,1
somebodys,EpisodeIV,1
interest,EpisodeIV,1
handiwork,EpisodeIV,1
bother,EpisodeIV,1
thirty,EpisodeIV,1
points,EpisodeIV,1
moments,EpisodeIV,1
influence,EpisodeIV,1
troopers,EpisodeIV,1
disgusting,EpisodeIV,1
abide,EpisodeIV,1
cleaned,EpisodeIV,1
dinner,EpisodeIV,1
toshi,EpisodeIV,1
sale,EpisodeIV,1
seasons,EpisodeIV,1
four,EpisodeIV,1
converters,EpisodeIV,1
cautious,EpisodeIV,1
villainy,EpisodeIV,1
scum,EpisodeIV,1
hive,EpisodeIV,1
wretched,EpisodeIV,1
discuss,EpisodeIV,1
nationalize,EpisodeIV,1
starting,EpisodeIV,1
uncles,EpisodeIV,1
spot,EpisodeIV,1
crops,EpisodeIV,1
dusting,EpisodeIV,1
traveling,EpisodeIV,1
gaining,EpisodeIV,1
rate,EpisodeIV,1
navicomputer,EpisodeIV,1
coordinates,EpisodeIV,1
garage,EpisodeIV,1
weakminded,EpisodeIV,1
motivator,EpisodeIV,1
ally,EpisodeIV,1
hide,EpisodeIV,1
file,EpisodeIV,1
single,EpisodeIV,1
ride,EpisodeIV,1
hitting,EpisodeIV,1
push,EpisodeIV,1
bantha,EpisodeIV,1
sticks,EpisodeIV,1
gaffi,EpisodeIV,1
stroke,EpisodeIV,1
swift,EpisodeIV,1
crush,EpisodeIV,1
fortress,EpisodeIV,1
excuse,EpisodeIV,1
prime,EpisodeIV,1
pointless,EpisodeIV,1
bickering,EpisodeIV,1
learned,EpisodeIV,1
commerce,EpisodeIV,1
lead,EpisodeIV,1
spaceport,EpisodeIV,1
heartily,EpisodeIV,1
outside,EpisodeIV,1
serve,EpisodeIV,1
rough,EpisodeIV,1
fluent,EpisodeIV,1
pilots,EpisodeIV,1
glory,EpisodeIV,1
route,EpisodeIV,1
pulling,EpisodeIV,1
begs,EpisodeIV,1
pressure,EpisodeIV,1
metal,EpisodeIV,1
curse,EpisodeIV,1
dying,EpisodeIV,1
damage,EpisodeIV,1
problems,EpisodeIV,1
comlink,EpisodeIV,1
goodness,EpisodeIV,1
thinnerget,EpisodeIV,1
kids,EpisodeIV,1
slow,EpisodeIV,1
noise,EpisodeIV,1
overrun,EpisodeIV,1
excitement,EpisodeIV,1
prison,EpisodeIV,1
carpet,EpisodeIV,1
madmen,EpisodeIV,1
hatch,EpisodeIV,1
number,EpisodeIV,1
threetwosixeighttwoseven,EpisodeIV,1
slip,EpisodeIV,1
scoring,EpisodeIV,1
years,EpisodeIV,1
general,EpisodeIV,1
saw,EpisodeIV,1
action,EpisodeIV,1
binds,EpisodeIV,1
surrounds,EpisodeIV,1
strap,EpisodeIV,1
female,EpisodeIV,1
determined,EpisodeIV,1
walking,EpisodeIV,1
alivewill,EpisodeIV,1
takeorders,EpisodeIV,1
worshipfulness,EpisodeIV,1
coward,EpisodeIV,1
advice,EpisodeIV,1
canceled,EpisodeIV,1
hangar,EpisodeIV,1
meltingthis,EpisodeIV,1
ecliptic,EpisodeIV,1
forms,EpisodeIV,1
nice,EpisodeIV,1
braver,EpisodeIV,1
shortcircuited,EpisodeIV,1
brace,EpisodeIV,1
walls,EpisodeIV,1
disappeared,EpisodeIV,1
tremor,EpisodeIV,1
oughta,EpisodeIV,1
skywalker,EpisodeIV,1
uniform,EpisodeIV,1
stormtrooper,EpisodeIV,1
company,EpisodeIV,1
anywayluke,EpisodeIV,1
fingers,EpisodeIV,1
week,EpisodeIV,1
took,EpisodeIV,1
extends,EpisodeIV,1
cocky,EpisodeIV,1
itjust,EpisodeIV,1
baby,EpisodeIV,1
lateral,EpisodeIV,1
oooh,EpisodeIV,1
buddy,EpisodeIV,1
charge,EpisodeIV,1
sentry,EpisodeIV,1
nows,EpisodeIV,1
ran,EpisodeIV,1
bridge,EpisodeIV,1
party,EpisodeIV,1
strike,EpisodeIV,1
weak,EpisodeIV,1
powers,EpisodeIV,1
learner,EpisodeIV,1
circle,EpisodeIV,1
meet,EpisodeIV,1
served,EpisodeIV,1
struggle,EpisodeIV,1
darklighter,EpisodeIV,1
unable,EpisodeIV,1
worked,EpisodeIV,1
ultimate,EpisodeIV,1
gesture,EpisodeIV,1
useless,EpisodeIV,1
refer,EpisodeIV,1
exploit,EpisodeIV,1
unlikely,EpisodeIV,1
possible,EpisodeIV,1
readout,EpisodeIV,1
maker,EpisodeIV,1
awhile,EpisodeIV,1
explain,EpisodeIV,1
thingshe,EpisodeIV,1
meaning,EpisodeIV,1
many,EpisodeIV,1
gives,EpisodeIV,1
battles,EpisodeIV,1
proud,EpisodeIV,1
technological,EpisodeIV,1
firstclass,EpisodeIV,1
tapes,EpisodeIV,1
oil,EpisodeIV,1
wherever,EpisodeIV,1
line,EpisodeIV,1
capacity,EpisodeIV,1
fort,EpisodeIV,1
clairvoyance,EpisodeIV,1
given,EpisodeIV,1
conjure,EpisodeIV,1
constructed,EpisodeIV,1
blue,EpisodeIV,1
pleased,EpisodeIV,1
sad,EpisodeIV,1
sorcerers,EpisodeIV,1
frighten,EpisodeIV,1
insignificant,EpisodeIV,1
ability,EpisodeIV,1
seduced,EpisodeIV,1
actually,EpisodeIV,1
murdered,EpisodeIV,1
relations,EpisodeIV,1
penetrates,EpisodeIV,1
sort,EpisodeIV,1
bright,EpisodeIV,1
center,EpisodeIV,1
hour,EpisodeIV,1
farthest,EpisodeIV,1
humancyborg,EpisodeIV,1
survival,EpisodeIV,1
god,EpisodeIV,1
vital,EpisodeIV,1
placed,EpisodeIV,1
failed,EpisodeIV,1
carbon,EpisodeIV,1
fallen,EpisodeIV,1
request,EpisodeIV,1
present,EpisodeIV,1
amazed,EpisodeIV,1
created,EpisodeIV,1
betrayed,EpisodeIV,1
justice,EpisodeIV,1
interpreter,EpisodeIV,1
hunt,EpisodeIV,1
making,EpisodeIV,1
starcruiser,EpisodeIV,1
pupil,EpisodeIV,1
youremy,EpisodeIV,1
die,EpisodeIV,1
peace,EpisodeIV,1
beautiful,EpisodeIV,1
guardians,EpisodeIV,1
questionwhat,EpisodeIV,1
generations,EpisodeIV,1
morecivilized,EpisodeIV,1
elegant,EpisodeIV,1
random,EpisodeIV,1
clumsy,EpisodeIV,1
mate,EpisodeIV,1
perfectly,EpisodeIV,1
markings,EpisodeIV,1
neednt,EpisodeIV,1
danger,EpisodeIV,1
evacuate,EpisodeIV,1
triumph,EpisodeIV,1
overestimate,EpisodeIV,1
chances,EpisodeIV,1
closing,EpisodeIV,1
flying,EpisodeIV,1
thermocapsulary,EpisodeIV,1
ohfive,EpisodeIV,1
halfsized,EpisodeIV,1
beggars,EpisodeIV,1
scope,EpisodeIV,1
shows,EpisodeIV,1
stabilizers,EpisodeIV,1
faster,EpisodeIV,1
yahoo,EpisodeIV,1
blow,EpisodeIV,1
dehousing,EpisodeIV,1
assister,EpisodeIV,1
thanks,EpisodeIV,1
hereits,EpisodeIV,1
receive,EpisodeIV,1
mercenary,EpisodeIV,1
cares,EpisodeIV,1
spirit,EpisodeIV,1
worst,EpisodeIV,1
sorrows,EpisodeIV,1
tracked,EpisodeIV,1
heavily,EpisodeIV,1
mines,EpisodeIV,1
shielded,EpisodeIV,1
carries,EpisodeIV,1
firepower,EpisodeIV,1
overweight,EpisodeIV,1
used,EpisodeIV,1
bullseye,EpisodeIV,1
womp,EpisodeIV,1
credit,EpisodeIV,1
somethingyou,EpisodeIV,1
madness,EpisodeIV,1
twentythreedegrees,EpisodeIV,1
stopped,EpisodeIV,1
beat,EpisodeIV,1
togetheryou,EpisodeIV,1
consular,EpisodeIV,1
intercepted,EpisodeIV,1
six,EpisodeIV,1
heavy,EpisodeIV,1
cooked,EpisodeIV,1
couple,EpisodeIV,1
crews,EpisodeIV,1
risk,EpisodeIV,1
beacon,EpisodeIV,1
binders,EpisodeIV,1
surprise,EpisodeIV,1
face,EpisodeIV,1
signed,EpisodeIV,1
stars,EpisodeIV,1
rim,EpisodeIV,1
gears,EpisodeIV,1
tear,EpisodeIV,1
gladly,EpisodeIV,1
gear,EpisodeIV,1
scopes,EpisodeIV,1
rats,EpisodeIV,1
smashed,EpisodeIV,1
tsixteen,EpisodeIV,1
remembered,EpisodeIV,1
debts,EpisodeIV,1
howd,EpisodeIV,1
turning,EpisodeIV,1
goods,EpisodeIV,1
attacking,EpisodeIV,1
aintmy,EpisodeIV,1
suicide,EpisodeIV,1
lookin,EpisodeIV,1
choose,EpisodeIV,1
love,EpisodeIV,1
revolution,EpisodeIV,1
everythings,EpisodeIV,1
glob,EpisodeIV,1
led,EpisodeIV,1
worship,EpisodeIV,1
absolutely,EpisodeIV,1
sealed,EpisodeIV,1
magnetically,EpisodeIV,1
tried,EpisodeIV,1
incredible,EpisodeIV,1
girl,EpisodeIV,1
homing,EpisodeIV,1
shape,EpisodeIV,1
oaf,EpisodeIV,1
furry,EpisodeIV,1
skins,EpisodeIV,1
sweetheart,EpisodeIV,1
brains,EpisodeIV,1
entrance,EpisodeIV,1
alerted,EpisodeIV,1
imagination,EpisodeIV,1
moves,EpisodeIV,1
leg,EpisodeIV,1
transfer,EpisodeIV,1
normal,EpisodeIV,1
situation,EpisodeIV,1
twentyoneeightseven,EpisodeIV,1
unfortunate,EpisodeIV,1
landlocked,EpisodeIV,1
notified,EpisodeIV,1
oneonethreeeight,EpisodeIV,1
simpletons,EpisodeIV,1
rampage,EpisodeIV,1
helmet,EpisodeIV,1
reassuring,EpisodeIV,1
ah,EpisodeIV,1
underestimate,EpisodeIV,1
sections,EpisodeIV,1
rand,EpisodeIV,1
allowed,EpisodeIV,1
baywhat,EpisodeIV,1
required,EpisodeIV,1
assault,EpisodeIV,1
fleetits,EpisodeIV,1
start,EpisodeIV,1
rayshielded,EpisodeIV,1
proton,EpisodeIV,1
torpedoes,EpisodeIV,1
largescale,EpisodeIV,1
designed,EpisodeIV,1
defenses,EpisodeIV,1
rescuing,EpisodeIV,1
stun,EpisodeIV,1
amaze,EpisodeIV,1
sees,EpisodeIV,1
tracking,EpisodeIV,1
grease,EpisodeIV,1
least,EpisodeIV,1
intact,EpisodeIV,1
readouts,EpisodeIV,1
leads,EpisodeIV,1
thermal,EpisodeIV,1
philosopher,EpisodeIV,1
provided,EpisodeIV,1
penetrate,EpisodeIV,1
mindless,EpisodeIV,1
deactivated,EpisodeIV,1
consider,EpisodeIV,1
threat,EpisodeIV,1
tighter,EpisodeIV,1
analysis,EpisodeIV,1
demonstrated,EpisodeIV,1
wide,EpisodeIV,1
approach,EpisodeIV,1
maneuver,EpisodeIV,1
awful,EpisodeIV,1
trench,EpisodeIV,1
skim,EpisodeIV,1
surface,EpisodeIV,1
permitted,EpisodeIV,1
fully,EpisodeIV,1
knowledgeable,EpisodeIV,1
vulnerable,EpisodeIV,1
auxiliary,EpisodeIV,1
wookiees,EpisodeIV,1
strategy,EpisodeIV,1
begging,EpisodeIV,1
flowing,EpisodeIV,1
following,EpisodeIV,1
voices,EpisodeIV,1
millions,EpisodeIV,1
disturbance,EpisodeIV,1
tired,EpisodeIV,1
reluctant,EpisodeIV,1
chosen,EpisodeIV,1
test,EpisodeIV,1
skyhopper,EpisodeIV,1
destructive,EpisodeIV,1
peaceful,EpisodeIV,1
busted,EpisodeIV,1
instruments,EpisodeIV,1
socket,EpisodeIV,1
arms,EpisodeIV,1
peoples,EpisodeIV,1
anyway,EpisodeIV,1
cried,EpisodeIV,1
silenced,EpisodeIV,1
terrible,EpisodeIV,1
exercises,EpisodeIV,1
troubles,EpisodeIV,1
slugs,EpisodeIV,1
everyone,EpisodeIV,1
ohtwohundred,EpisodeIV,1
adventures,EpisodeIV,1
hours,EpisodeIV,1
screaming,EpisodeIV,1
tricked,EpisodeIV,1
twerp,EpisodeIV,1
nobody,EpisodeIV,1
worries,EpisodeIV,1
upsetting,EpisodeIV,1
trail,EpisodeIV,1
military,EpisodeIV,1
grow,EpisodeIV,1
except,EpisodeIV,1
aw,EpisodeIV,1
shower,EpisodeIV,1
asteroid,EpisodeIV,1
collision,EpisodeIV,1
charts,EpisodeIV,1
wealth,EpisodeIV,1
correct,EpisodeIV,1
rocky,EpisodeIV,1
sublight,EpisodeIV,1
totally,EpisodeIV,1
blown,EpisodeIV,1
desolate,EpisodeIV,1
frozen,EpisodeIV,1
followed,EpisodeIV,1
bases,EpisodeIV,1
identify,EpisodeIV,1
engines,EpisodeIV,1
easier,EpisodeIV,1
deaks,EpisodeIV,1
demonstration,EpisodeIV,1
saved,EpisodeIV,1
low,EpisodeIV,1
reasonable,EpisodeIV,1
operation,EpisodeIV,1
trusting,EpisodeIV,1
afterburners,EpisodeIV,1
effective,EpisodeIV,1
deal,EpisodeIV,1
betray,EpisodeIV,1
commence,EpisodeIV,1
primary,EpisodeIV,1
ignition,EpisodeIV,1
actions,EpisodeIV,1
obeys,EpisodeIV,1
reverse,EpisodeIV,1
commands,EpisodeIV,1
partially,EpisodeIV,1
prepare,EpisodeIV,1
equipped,EpisodeIV,1
double,EpisodeIV,1
detachment,EpisodeIV,1
alternatives,EpisodeIV,1
fighting,EpisodeIV,1
caught,EpisodeIV,1
marching,EpisodeIV,1
takeoff,EpisodeIV,1
signal,EpisodeIV,1
distress,EpisodeIV,1
firing,EpisodeIV,1
link,EpisodeIV,1
entering,EpisodeIV,1
ta,EpisodeIV,1
aatwentythree,EpisodeIV,1
seven,EpisodeIV,1
decoy,EpisodeIV,1
pods,EpisodeIV,1
passed,EpisodeIV,1
earlier,EpisodeIV,1
nothin,EpisodeIV,1
pod,EpisodeIV,1
charges,EpisodeIV,1
terminated,EpisodeIV,1
unlock,EpisodeIV,1
scheduled,EpisodeIV,1
doubt,EpisodeIV,1
onefiveseven,EpisodeIV,1
personally,EpisodeIV,1
nine,EpisodeIV,1
freightertanker,EpisodeIV,1
remains,EpisodeIV,1
according,EpisodeIV,1
log,EpisodeIV,1
sympathy,EpisodeIV,1
abandoned,EpisodeIV,1
wants,EpisodeIV,1
refueling,EpisodeIV,1
execute,EpisodeIV,1
different,EpisodeIV,1
lies,EpisodeIV,1
fate,EpisodeIV,1
scanners,EpisodeIV,1
bold,EpisodeIV,1
traitor,EpisodeIV,1
member,EpisodeIV,1
coupled,EpisodeIV,1
keepsrepeating,EpisodeIV,1
hanging,EpisodeIV,1
ridiculous,EpisodeIV,1
beamed,EpisodeIV,1
generate,EpisodeIV,1
damn,EpisodeIV,1
stillfor,EpisodeIV,1
fossil,EpisodeIV,1
dig,EpisodeIV,1
attacked,EpisodeIV,1
foolish,EpisodeIV,1
managed,EpisodeIV,1
hunk,EpisodeIV,1
compartments,EpisodeIV,1
patient,EpisodeIV,1
terminals,EpisodeIV,1
sneaking,EpisodeIV,1
mercy,EpisodeIV,1
outlet,EpisodeIV,1
plug,EpisodeIV,1
bargained,EpisodeIV,1
whatever,EpisodeIV,1
games,EpisodeIV,1
loss,EpisodeIV,1
report,EpisodeIV,1
interpret,EpisodeIV,1
network,EpisodeIV,1
appear,EpisodeIV,1
locations,EpisodeIV,1
monitor,EpisodeIV,1
blasting,EpisodeIV,1
howling,EpisodeIV,1
jam,EpisodeIV,1
joints,EpisodeIV,1
deep,EpisodeIV,1
fall,EpisodeIV,1
thinking,EpisodeIV,1
died,EpisodeIV,1
condensers,EpisodeIV,1
called,EpisodeIV,1
approaching,EpisodeIV,1
night,EpisodeIV,1
stumbled,EpisodeIV,1
rusty,EpisodeIV,1
workshop,EpisodeIV,1
fugitive,EpisodeIV,1
saying,EpisodeIV,1
blows,EpisodeIV,1
innards,EpisodeIV,1
pieces,EpisodeIV,1
appears,EpisodeIV,1
jibberish,EpisodeIV,1
owner,EpisodeIV,1
agreement,EpisodeIV,1
staying,EpisodeIV,1
transmit,EpisodeIV,1
promise,EpisodeIV,1
astrodroids,EpisodeIV,1
problem,EpisodeIV,1
babbling,EpisodeIV,1
mans,EpisodeIV,1
faulty,EpisodeIV,1
crazy,EpisodeIV,1
hiding,EpisodeIV,1
finish,EpisodeIV,1
exists,EpisodeIV,1
wizard,EpisodeIV,1
tank,EpisodeIV,1
nother,EpisodeIV,1
hire,EpisodeIV,1
therere,EpisodeIV,1
semester,EpisodeIV,1
flushed,EpisodeIV,1
rightful,EpisodeIV,1
whoa,EpisodeIV,1
accelerator,EpisodeIV,1
council,EpisodeIV,1
bureaucracy,EpisodeIV,1
contamination,EpisodeIV,1
maintain,EpisodeIV,1
unless,EpisodeIV,1
swept,EpisodeIV,1
remnants,EpisodeIV,1
permanently,EpisodeIV,1
dissolved,EpisodeIV,1
governors,EpisodeIV,1
alter,EpisodeIV,1
received,EpisodeIV,1
longer,EpisodeIV,1
support,EpisodeIV,1
gain,EpisodeIV,1
teleport,EpisodeIV,1
realize,EpisodeIV,1
regional,EpisodeIV,1
dust,EpisodeIV,1
picked,EpisodeIV,1
bought,EpisodeIV,1
scanner,EpisodeIV,1
flutter,EpisodeIV,1
removed,EpisodeIV,1
reconsider,EpisodeIV,1
likes,EpisodeIV,1
bemidday,EpisodeIV,1
repaired,EpisodeIV,1
units,EpisodeIV,1
case,EpisodeIV,1
loafing,EpisodeIV,1
excels,EpisodeIV,1
someone,EpisodeIV,1
grip,EpisodeIV,1
needing,EpisodeIV,1
lightsaber,EpisodeIV,1
bath,EpisodeIV,1
related,EpisodeIV,1
stupid,EpisodeIV,1
inside,EpisodeIV,1
experience,EpisodeIV,1
instinct,EpisodeIV,1
supposed,EpisodeIV,1
eyes,EpisodeIV,1
deceive,EpisodeIV,1
stretch,EpisodeIV,1
feelings,EpisodeIV,1
within,EpisodeIV,1
remotes,EpisodeIV,1
self,EpisodeIV,1
position,EpisodeIV,1
conversation,EpisodeIV,1
sitting,EpisodeIV,1
suggests,EpisodeIV,1
former,EpisodeIV,1
searching,EpisodeIV,1
brings,EpisodeIV,1
act,EpisodeIV,1
larger,EpisodeIV,1
traveled,EpisodeIV,1
flown,EpisodeIV,1
convoy,EpisodeIV,1
consciously,EpisodeIV,1
settlements,EpisodeIV,1
world,EpisodeIV,1
nonsense,EpisodeIV,1
hokey,EpisodeIV,1
religions,EpisodeIV,1
pile,EpisodeIV,1
conscious,EpisodeIV,1
allpowerful,EpisodeIV,1
controlling,EpisodeIV,1
scrap,EpisodeIV,1
mystical,EpisodeIV,1
nearsighted,EpisodeIV,1
simple,EpisodeIV,1
tricks,EpisodeIV,1
lightly,EpisodeIV,1
wastes,EpisodeIV,1
southeast,EpisodeIV,1
antilles,EpisodeIV,1
resident,EpisodeIV,1
parts,EpisodeIV,1
fought,EpisodeIV,1
private,EpisodeIV,1
stayed,EpisodeIV,1
ideals,EpisodeIV,1
frankly,EpisodeIV,1
navigator,EpisodeIV,1
behave,EpisodeIV,1
eccentric,EpisodeIV,1
quickly,EpisodeIV,1
account,EpisodeIV,1
risking,EpisodeIV,1
means,EpisodeIV,1
dune,EpisodeIV,1
crusade,EpisodeIV,1
starpilot,EpisodeIV,1
cunning,EpisodeIV,1
jundland,EpisodeIV,1
sea,EpisodeIV,1
glad,EpisodeIV,1
remove,EpisodeIV,1
hm,EpisodeIV,1
busy,EpisodeIV,1
whered,EpisodeIV,1
startled,EpisodeIV,1
banthas,EpisodeIV,1
beg,EpisodeIV,1
warrior,EpisodeIV,1
idealistic,EpisodeIV,1
damnedfool,EpisodeIV,1
passenger,EpisodeIV,1
voyage,EpisodeIV,1
importance,EpisodeIV,1
reminds,EpisodeIV,1
attached,EpisodeIV,1
follows,EpisodeIV,1
everybody,EpisodeV,1
ow,EpisodeV,1
doomed,EpisodeVI,1
hardworking,EpisodeVI,1
greatness,EpisodeVI,1
nudd,EpisodeVI,1
chaa,EpisodeVI,1
morning,EpisodeVI,1
shuda,EpisodeVI,1
greetings,EpisodeVI,1
exalted,EpisodeVI,1
allow,EpisodeVI,1
introduce,EpisodeVI,1
equally,EpisodeVI,1
solos,EpisodeVI,1
goodwill,EpisodeVI,1
wisdom,EpisodeVI,1
arrangement,EpisodeVI,1
mutually,EpisodeVI,1
beneficial,EpisodeVI,1
enable,EpisodeVI,1
avoid,EpisodeVI,1
playing,EpisodeVI,1
masters,EpisodeVI,1
slowly,EpisodeVI,1
respect,EpisodeVI,1
favorite,EpisodeVI,1
decoration,EpisodeVI,1
expressed,EpisodeVI,1
unhappiness,EpisodeVI,1
ohh,EpisodeVI,1
acquisitions,EpisodeVI,1
seethreepio,EpisodeVI,1
humancy,EpisodeVI,1
languages,EpisodeVI,1
readily,EpisodeVI,1
splendid,EpisodeVI,1
interpreter,EpisodeVI,1
guard,EpisodeVI,1
useful,EpisodeVI,1
restraining,EpisodeVI,1
bolt,EpisodeVI,1
excellencys,EpisodeVI,1
chamber,EpisodeVI,1
feisty,EpisodeVI,1
unpleasant,EpisodeVI,1
confrontation,EpisodeVI,1
token,EpisodeVI,1
confidence,EpisodeVI,1
contact,EpisodeVI,1
troubles,EpisodeVI,1
daughter,EpisodeVI,1
brother,EpisodeVI,1
excellency,EpisodeVI,1
eventually,EpisodeVI,1
easiest,EpisodeVI,1
held,EpisodeVI,1
firm,EpisodeVI,1
reckless,EpisodeVI,1
patient,EpisodeVI,1
won,EpisodeVI,1
protect,EpisodeVI,1
hidden,EpisodeVI,1
born,EpisodeVI,1
offspring,EpisodeVI,1
threat,EpisodeVI,1
reason,EpisodeVI,1
safely,EpisodeVI,1
parents,EpisodeVI,1
crossed,EpisodeVI,1
cause,EpisodeVI,1
title,EpisodeVI,1
victims,EpisodeVI,1
almighty,EpisodeVI,1
owen,EpisodeVI,1
household,EpisodeVI,1
highborn,EpisodeVI,1
virtue,EpisodeVI,1
lineage,EpisodeVI,1
adopted,EpisodeVI,1
democracy,EpisodeVI,1
information,EpisodeVI,1
continued,EpisodeVI,1
following,EpisodeVI,1
cell,EpisodeVI,1
corrupt,EpisodeVI,1
diplomatic,EpisodeVI,1
immunity,EpisodeVI,1
vital,EpisodeVI,1
link,EpisodeVI,1
stubborn,EpisodeVI,1
instructions,EpisodeVI,1
goodie,EpisodeVI,1
probably,EpisodeVI,1
warn,EpisodeVI,1
enjoy,EpisodeVI,1
watching,EpisodeVI,1
rancor,EpisodeVI,1
dune,EpisodeVI,1
outrage,EpisodeVI,1
fine,EpisodeVI,1
miss,EpisodeVI,1
high,EpisodeVI,1
exaltedness,EpisodeVI,1
decreed,EpisodeVI,1
terminated,EpisodeVI,1
waits,EpisodeVI,1
therefore,EpisodeVI,1
da,EpisodeVI,1
barge,EpisodeVI,1
called,EpisodeVI,1
returned,EpisodeVI,1
half,EpisodeVI,1
profit,EpisodeVI,1
either,EpisodeVI,1
taking,EpisodeVI,1
serving,EpisodeVI,1
second,EpisodeVI,1
bargained,EpisodeVI,1
instead,EpisodeVI,1
light,EpisodeVI,1
used,EpisodeVI,1
convenient,EpisodeVI,1
appreciate,EpisodeVI,1
sor,EpisodeVI,1
drinks,EpisodeVI,1
nevertheless,EpisodeVI,1
execute,EpisodeVI,1
careful,EpisodeVI,1
pit,EpisodeVI,1
cast,EpisodeVI,1
sea,EpisodeVI,1
bascka,EpisodeVI,1
weakminded,EpisodeVI,1
trick,EpisodeVI,1
heard,EpisodeVI,1
shortcircuit,EpisodeVI,1
su,EpisodeVI,1
seem,EpisodeVI,1
dispense,EpisodeVI,1
pleasantries,EpisodeVI,1
working,EpisodeVI,1
motivate,EpisodeVI,1
share,EpisodeVI,1
optimistic,EpisodeVI,1
appraisal,EpisodeVI,1
situation,EpisodeVI,1
impossible,EpisodeVI,1
arrives,EpisodeVI,1
emperors,EpisodeVI,1
correct,EpisodeVI,1
displeased,EpisodeVI,1
apparent,EpisodeVI,1
progress,EpisodeVI,1
double,EpisodeVI,1
efforts,EpisodeVI,1
sake,EpisodeVI,1
forgiving,EpisodeVI,1
honored,EpisodeVI,1
arrived,EpisodeVI,1
worried,EpisodeVI,1
du,EpisodeVI,1
anyone,EpisodeVI,1
gracious,EpisodeVI,1
detoowha,EpisodeVI,1
seethreepiowha,EpisodeVI,1
ey,EpisodeVI,1
toota,EpisodeVI,1
odd,EpisodeVI,1
mischka,EpisodeVI,1
rush,EpisodeVI,1
sail,EpisodeVI,1
deliver,EpisodeVI,1
wanga,EpisodeVI,1
wauaga,EpisodeVI,1
nee,EpisodeVI,1
badda,EpisodeVI,1
chaade,EpisodeVI,1
awful,EpisodeVI,1
poor,EpisodeVI,1
anonymous,EpisodeVI,1
leias,EpisodeVI,1
insight,EpisodeVI,1
burden,EpisodeVI,1
machine,EpisodeVI,1
twisted,EpisodeVI,1
evil,EpisodeVI,1
tried,EpisodeVI,1
humbled,EpisodeVI,1
met,EpisodeVI,1
lukebut,EpisodeVI,1
experience,EpisodeVI,1
among,EpisodeVI,1
value,EpisodeVI,1
impatient,EpisodeVI,1
defeat,EpisodeVI,1
prepared,EpisodeVI,1
achieved,EpisodeVI,1
rushing,EpisodeVI,1
strongly,EpisodeVI,1
amazed,EpisodeVI,1
certainly,EpisodeVI,1
notdo,EpisodeVI,1
galaxy,EpisodeVI,1
consequences,EpisodeVI,1
terrible,EpisodeVI,1
sand,EpisodeVI,1
slipping,EpisodeVI,1
gently,EpisodeVI,1
sleepin,EpisodeVI,1
blind,EpisodeVI,1
trust,EpisodeVI,1
beast,EpisodeVI,1
forget,EpisodeVI,1
blowing,EpisodeVI,1
hand,EpisodeVI,1
pride,EpisodeVI,1
carbon,EpisodeVI,1
closest,EpisodeVI,1
fall,EpisodeVI,1
mmm,EpisodeVI,1
prematurely,EpisodeVI,1
rushed,EpisodeVI,1
train,EpisodeVI,1
instruct,EpisodeVI,1
incomplete,EpisodeVI,1
strength,EpisodeVI,1
wormridden,EpisodeVI,1
flows,EpisodeVI,1
serve,EpisodeV,1
completed,EpisodeV,1
placeis,EpisodeV,1
domain,EpisodeV,1
decide,EpisodeV,1
went,EpisodeV,1
itll,EpisodeV,1
pain,EpisodeV,1
scum,EpisodeV,1
shortly,EpisodeV,1
grow,EpisodeV,1
motion,EpisodeV,1
reward,EpisodeV,1
permit,EpisodeV,1
calculate,EpisodeV,1
substantial,EpisodeV,1
makes,EpisodeV,1
weaponsyou,EpisodeV,1
hunters,EpisodeV,1
best,EpisodeV,1
fought,EpisodeV,1
needa,EpisodeV,1
learned,EpisodeVI,1
beware,EpisodeVI,1
aggression,EpisodeVI,1
start,EpisodeVI,1
dominate,EpisodeVI,1
lukelukedo,EpisodeVI,1
fate,EpisodeVI,1
blame,EpisodeVI,1
runs,EpisodeVI,1
anotherskyskywalker,EpisodeVI,1
accepted,EpisodeV,1
murdered,EpisodeVI,1
ceased,EpisodeVI,1
truths,EpisodeVI,1
cling,EpisodeVI,1
depend,EpisodeVI,1
greatly,EpisodeVI,1
forgives,EpisodeVI,1
creates,EpisodeV,1
filth,EpisodeVI,1
slimy,EpisodeVI,1
serves,EpisodeVI,1
mechanism,EpisodeVI,1
designed,EpisodeVI,1
funny,EpisodeVI,1
junk,EpisodeVI,1
hang,EpisodeVI,1
thy,EpisodeVI,1
bidding,EpisodeVI,1
send,EpisodeVI,1
madine,EpisodeVI,1
fighter,EpisodeVI,1
volunteered,EpisodeVI,1
defense,EpisodeVI,1
maneuver,EpisodeVI,1
taanab,EpisodeVI,1
fair,EpisodeVI,1
lookin,EpisodeVI,1
surprised,EpisodeVI,1
aint,EpisodeVI,1
respectable,EpisodeVI,1
orbiting,EpisodeVI,1
wookiees,EpisodeVI,1
warmed,EpisodeVI,1
sheshe,EpisodeVI,1
sounds,EpisodeVI,1
bury,EpisodeVI,1
deep,EpisodeVI,1
credit,EpisodeVI,1
pregnant,EpisodeVI,1
desperate,EpisodeVI,1
involved,EpisodeVI,1
trained,EpisodeVI,1
avoiding,EpisodeVI,1
teams,EpisodeVI,1
fastest,EpisodeVI,1
crew,EpisodeVI,1
rough,EpisodeVI,1
count,EpisodeVI,1
sometime,EpisodeVI,1
hi,EpisodeVI,1
exciting,EpisodeVI,1
hardly,EpisodeVI,1
word,EpisodeVI,1
systems,EpisodeVI,1
attempt,EpisodeVI,1
pleas,EpisodeVI,1
protected,EpisodeVI,1
sense,EpisodeVI,1
continue,EpisodeVI,1
grown,EpisodeVI,1
proceeding,EpisodeVI,1
sick,EpisodeVI,1
weak,EpisodeVI,1
nine,EpisodeVI,1
sleep,EpisodeVI,1
earned,EpisodeVI,1
twilight,EpisodeVI,1
night,EpisodeVI,1
figured,EpisodeVI,1
crate,EpisodeVI,1
wide,EpisodeVI,1
llando,EpisodeVI,1
hopes,EpisodeVI,1
honorably,EpisodeVI,1
mercy,EpisodeVI,1
listen,EpisodeVI,1
completed,EpisodeVI,1
rise,EpisodeVI,1
dagobah,EpisodeVI,1
impatience,EpisodeVI,1
energy,EpisodeVI,1
generated,EpisodeVI,1
nearby,EpisodeVI,1
deactivated,EpisodeVI,1
attempted,EpisodeVI,1
create,EpisodeVI,1
perimeter,EpisodeVI,1
superstructure,EpisodeVI,1
past,EpisodeVI,1
assembled,EpisodeVI,1
beyond,EpisodeVI,1
require,EpisodeVI,1
unfrozen,EpisodeVI,1
sooner,EpisodeVI,1
later,EpisodeVI,1
miserable,EpisodeVI,1
dust,EpisodeVI,1
ball,EpisodeVI,1
digested,EpisodeVI,1
suffering,EpisodeVI,1
gracious,EpisodeV,1
speed,EpisodeVI,1
comlink,EpisodeVI,1
center,EpisodeVI,1
switch,EpisodeVI,1
tie,EpisodeVI,1
alongside,EpisodeVI,1
somebodys,EpisodeVI,1
problem,EpisodeVI,1
batteries,EpisodeVI,1
pitiful,EpisodeVI,1
mask,EpisodeVI,1
optimism,EpisodeVI,1
cargo,EpisodeVI,1
destination,EpisodeVI,1
older,EpisodeVI,1
checks,EpisodeVI,1
troops,EpisodeVI,1
draw,EpisodeVI,1
sisteryou,EpisodeVI,1
best,EpisodeVI,1
jam,EpisodeVI,1
drooop,EpisodeVI,1
pain,EpisodeVI,1
partyll,EpisodeVI,1
jamming,EpisodeVI,1
promised,EpisodeVI,1
reading,EpisodeVI,1
screen,EpisodeVI,1
able,EpisodeVI,1
positions,EpisodeVI,1
sfoils,EpisodeVI,1
identify,EpisodeVI,1
mvseven,EpisodeVI,1
casual,EpisodeVI,1
awaits,EpisodeVI,1
imagination,EpisodeVI,1
concentrate,EpisodeVI,1
location,EpisodeVI,1
bridge,EpisodeVI,1
around,EpisodeVI,1
destroyer,EpisodeVI,1
super,EpisodeVI,1
whole,EpisodeVI,1
legion,EpisodeVI,1
entire,EpisodeVI,1
deal,EpisodeVI,1
carry,EpisodeVI,1
groups,EpisodeVI,1
assume,EpisodeVI,1
repel,EpisodeVI,1
dieas,EpisodeVI,1
green,EpisodeVI,1
beautiful,EpisodeVI,1
butsad,EpisodeVI,1
asking,EpisodeVI,1
hatred,EpisodeVI,1
defenseless,EpisodeVI,1
memory,EpisodeVI,1
survive,EpisodeVI,1
starand,EpisodeVI,1
heading,EpisodeVI,1
troubling,EpisodeVI,1
offensive,EpisodeVI,1
shortest,EpisodeVI,1
herenow,EpisodeVI,1
thisll,EpisodeVI,1
magnitude,EpisodeVI,1
denies,EpisodeVI,1
brave,EpisodeVI,1
countdown,EpisodeVI,1
nowgo,EpisodeVI,1
band,EpisodeVI,1
neverrr,EpisodeVI,1
indeed,EpisodeVI,1
failure,EpisodeVI,1
known,EpisodeVI,1
talk,EpisodeVI,1
iti,EpisodeVI,1
blank,EpisodeVI,1
hotwire,EpisodeVI,1
engage,EpisodeVI,1
itandmy,EpisodeVI,1
somehowive,EpisodeVI,1
massing,EpisodeVI,1
hear,EpisodeVI,1
becausethere,EpisodeVI,1
surrendered,EpisodeVI,1
cover,EpisodeVI,1
break,EpisodeVI,1
crushed,EpisodeVI,1
evasive,EpisodeVI,1
penetrated,EpisodeVI,1
split,EpisodeVI,1
walking,EpisodeVI,1
surface,EpisodeVI,1
fulfill,EpisodeVI,1
design,EpisodeVI,1
according,EpisodeVI,1
alright,EpisodeVI,1
eat,EpisodeVI,1
undoing,EpisodeVI,1
compassion,EpisodeVI,1
wrecked,EpisodeVI,1
speeders,EpisodeVI,1
faith,EpisodeVI,1
matter,EpisodeVI,1
strange,EpisodeVI,1
artoos,EpisodeVI,1
match,EpisodeVI,1
feeble,EpisodeVI,1
vision,EpisodeVI,1
final,EpisodeVI,1
itjedi,EpisodeVI,1
figure,EpisodeVI,1
unarmed,EpisodeVI,1
sit,EpisodeVI,1
maybe,EpisodeVI,1
swelling,EpisodeVI,1
nah,EpisodeVI,1
insignificant,EpisodeVI,1
animal,EpisodeVI,1
strongest,EpisodeVI,1
yesi,EpisodeVI,1
stuck,EpisodeVI,1
scanners,EpisodeVI,1
source,EpisodeVI,1
looks,EpisodeVI,1
nice,EpisodeVI,1
form,EpisodeVI,1
stomach,EpisodeVI,1
alert,EpisodeVI,1
destruction,EpisodeVI,1
space,EpisodeVI,1
landed,EpisodeVI,1
skywalkeryou,EpisodeVI,1
concern,EpisodeVI,1
weakness,EpisodeVI,1
passage,EpisodeVI,1
transmission,EpisodeVI,1
commencing,EpisodeVI,1
captured,EpisodeVI,1
report,EpisodeVI,1
charges,EpisodeVI,1
arrive,EpisodeVI,1
ohim,EpisodeVI,1
forty-seven,EpisodeVI,1
accelerate,EpisodeVI,1
though,EpisodeVI,1
regulator,EpisodeVI,1
requesting,EpisodeVI,1
enemy,EpisodeVI,1
separated,EpisodeVI,1
await,EpisodeVI,1
action,EpisodeVI,1
scratchi,EpisodeVI,1
sullust,EpisodeVI,1
north,EpisodeVI,1
wings,EpisodeVI,1
transmit,EpisodeVI,1
stars,EpisodeVI,1
remain,EpisodeVI,1
pointless,EpisodeVI,1
foolonly,EpisodeVI,1
overconfidence,EpisodeVI,1
sensors,EpisodeVI,1
resist,EpisodeVI,1
disturbed,EpisodeVI,1
halt,EpisodeVI,1
onto,EpisodeVI,1
tower,EpisodeVI,1
transpired,EpisodeVI,1
hat,EpisodeVI,1
hmmm,EpisodeVI,1
trace,EpisodeVI,1
small,EpisodeVI,1
quietly,EpisodeVI,1
ahead,EpisodeVI,1
worth,EpisodeVI,1
coordinates,EpisodeVI,1
medical,EpisodeVI,1
retreat,EpisodeVI,1
triple,EpisodeVI,1
furry,EpisodeVI,1
defenses,EpisodeVI,1
wonderful,EpisodeVI,1
tribe,EpisodeVI,1
short,EpisodeVI,1
wise,EpisodeVI,1
inform,EpisodeVI,1
reports,EpisodeVI,1
relax,EpisodeVI,1
hibernation,EpisodeVI,1
sickness,EpisodeVI,1
eyesight,EpisodeVI,1
jabbas,EpisodeVI,1
palace,EpisodeVI,1
loves,EpisodeVI,1
laugh,EpisodeVI,1
sidetracked,EpisodeVI,1
smuggler,EpisodeVI,1
bantha,EpisodeVI,1
companion,EpisodeVI,1
heroics,EpisodeVI,1
scouts,EpisodeVI,1
unwise,EpisodeVI,1
weapons,EpisodeVI,1
hands,EpisodeVI,1
love,EpisodeVI,1
ya,EpisodeVI,1
day,EpisodeVI,1
hyperspace,EpisodeVI,1
bit,EpisodeVI,1
quietlike,EpisodeVI,1
royal,EpisodeVI,1
heeelp,EpisodeVI,1
happening,EpisodeVI,1
furball,EpisodeVI,1
bunker,EpisodeVI,1
surprise,EpisodeVI,1
somehow,EpisodeVI,1
rash,EpisodeVI,1
whawhawhats,EpisodeVI,1
youthe,EpisodeVI,1
fodder,EpisodeVI,1
throwing,EpisodeVI,1
mark,EpisodeVI,1
fortune,EpisodeVI,1
five,EpisodeVI,1
thermal,EpisodeVI,1
detonator,EpisodeVI,1
hunter,EpisodeVI,1
fearless,EpisodeVI,1
inventive,EpisodeVI,1
offers,EpisodeVI,1
sum,EpisodeVI,1
thirtyfive,EpisodeVI,1
suggest,EpisodeVI,1
delusions,EpisodeVI,1
grandeur,EpisodeVI,1
rewarded,EpisodeVI,1
admit,EpisodeVI,1
carkoon,EpisodeVI,1
nesting,EpisodeVI,1
allpowerful,EpisodeVI,1
belly,EpisodeVI,1
definition,EpisodeVI,1
twenty,EpisodeVI,1
reward,EpisodeVI,1
gladly,EpisodeVI,1
agrees,EpisodeVI,1
regret,EpisodeVI,1
bear,EpisodeVI,1
chewchewie,EpisodeVI,1
anybody,EpisodeVI,1
ajedi,EpisodeVI,1
iim,EpisodeVI,1
gets,EpisodeVI,1
shhh,EpisodeVI,1
nicely,EpisodeVI,1
bids,EpisodeVI,1
zeebuss,EpisodeVI,1
eitha,EpisodeVI,1
chuba,EpisodeVI,1
negatorie,EpisodeVI,1
natoota,EpisodeVI,1
boscka,EpisodeVI,1
worshipfulness,EpisodeVI,1
illustrious,EpisodeVI,1
quiet,EpisodeVI,1
wounded,EpisodeVI,1
justimages,EpisodeVI,1
surrender,EpisodeVI,1
home,EpisodeVI,1
frigate,EpisodeVI,1
permission,EpisodeVI,1
proceed,EpisodeVI,1
area,EpisodeVI,1
came,EpisodeVI,1
companions,EpisodeVI,1
meaning,EpisodeVI,1
ridge,EpisodeVI,1
pressures,EpisodeVI,1
blast,EpisodeVI,1
secret,EpisodeVI,1
guarded,EpisodeVI,1
heavily,EpisodeVI,1
places,EpisodeVI,1
journey,EpisodeVI,1
died,EpisodeVI,1
wha,EpisodeVI,1
call,EpisodeVI,1
request,EpisodeVI,1
accounted,EpisodeVI,1
saw,EpisodeVI,1
nature,EpisodeVI,1
truly,EpisodeVI,1
attacking,EpisodeVI,1
self,EpisodeVI,1
forgotten,EpisodeVI,1
bunkers,EpisodeVI,1
driven,EpisodeVI,1
control,EpisodeVI,1
constructed,EpisodeVI,1
platform,EpisodeVI,1
steady,EpisodeVI,1
within,EpisodeVI,1
forced,EpisodeVI,1
turnand,EpisodeVI,1
obey,EpisodeVI,1
escaping,EpisodeVI,1
special,EpisodeVI,1
waiting,EpisodeVI,1
landing,EpisodeVI,1
pardon,EpisodeVI,1
programming,EpisodeVI,1
alarm,EpisodeVI,1
impersonate,EpisodeVI,1
unavoidable,EpisodeVI,1
deadand,EpisodeVI,1
especially,EpisodeVI,1
telling,EpisodeVI,1
mistakenabout,EpisodeVI,1
convert,EpisodeVI,1
gravely,EpisodeVI,1
primitive,EpisodeVI,1
dialect,EpisodeVI,1
soyou,EpisodeVI,1
shot,EpisodeVI,1
terminal,EpisodeVI,1
towards,EpisodeVI,1
takes,EpisodeVI,1
quickest,EpisodeVI,1
fresh,EpisodeVI,1
flow,EpisodeVI,1
aggressive,EpisodeVI,1
supplies,EpisodeVI,1
servant,EpisodeVI,1
imminent,EpisodeVI,1
passing,EpisodeVI,1
throw,EpisodeVI,1
codes,EpisodeVI,1
charge,EpisodeVI,1
deity,EpisodeVI,1
completing,EpisodeVI,1
divine,EpisodeVI,1
embarrassed,EpisodeVI,1
appears,EpisodeVI,1
banquet,EpisodeVI,1
changed,EpisodeVI,1
crossbow,EpisodeVI,1
decided,EpisodeVI,1
nowcome,EpisodeVI,1
influence,EpisodeVI,1
god,EpisodeVI,1
honor,EpisodeVI,1
refer,EpisodeVI,1
someplace,EpisodeVI,1
em,EpisodeVI,1
suffered,EpisodeV,1
reach,EpisodeV,1
behavior,EpisodeV,1
hyperspace,EpisodeV,1
four,EpisodeV,1
reroute,EpisodeV,1
smelled,EpisodeV,1
till,EpisodeV,1
oohi,EpisodeV,1
moves,EpisodeV,1
shelter,EpisodeV,1
comscan,EpisodeV,1
detected,EpisodeV,1
warmtil,EpisodeV,1
protecting,EpisodeV,1
whew,EpisodeV,1
sixth,EpisodeV,1
planet,EpisodeV,1
deflect,EpisodeV,1
bombardment,EpisodeV,1
alerted,EpisodeV,1
guys,EpisodeV,1
basethis,EpisodeV,1
baseive,EpisodeV,1
form,EpisodeV,1
loaded,EpisodeV,1
morning,EpisodeV,1
scruffylooking,EpisodeV,1
brain,EpisodeV,1
mark,EpisodeV,1
riled,EpisodeV,1
women,EpisodeV,1
headquarters,EpisodeV,1
personnel,EpisodeV,1
princesswe,EpisodeV,1
visitor,EpisodeV,1
picked,EpisodeV,1
zone,EpisodeV,1
sight,EpisodeV,1
creatures,EpisodeV,1
attacked,EpisodeV,1
speeder,EpisodeV,1
proof,EpisodeV,1
visuals,EpisodeV,1
indicate,EpisodeV,1
drop,EpisodeV,1
followed,EpisodeV,1
reason,EpisodeV,1
owe,EpisodeV,1
lead,EpisodeV,1
live,EpisodeV,1
damage,EpisodeV,1
sustained,EpisodeV,1
available,EpisodeV,1
sweep,EpisodeV,1
highnessness,EpisodeV,1
mushy,EpisodeV,1
transmission,EpisodeV,1
thy,EpisodeV,1
bidding,EpisodeV,1
disturbance,EpisodeV,1
marks,EpisodeV,1
iben,EpisodeV,1
asset,EpisodeV,1
delicious,EpisodeV,1
hot,EpisodeV,1
rootleaf,EpisodeV,1
cook,EpisodeV,1
wish,EpisodeV,1
quicker,EpisodeV,1
resident,EpisodeV,1
goldenrod,EpisodeV,1
relief,EpisodeV,1
gundark,EpisodeV,1
devoid,EpisodeV,1
ears,EpisodeV,1
fact,EpisodeV,1
uncharted,EpisodeV,1
settlements,EpisodeV,1
smugglers,EpisodeV,1
veers,EpisodeV,1
expresses,EpisodeV,1
hi,EpisodeV,1
functional,EpisodeV,1
itoff,EpisodeV,1
forget,EpisodeV,1
equipment,EpisodeV,1
plenty,EpisodeV,1
smaller,EpisodeV,1
modules,EpisodeV,1
repeat,EpisodeV,1
nerfherder,EpisodeV,1
uphalfwittedscruffylooking,EpisodeV,1
stuck,EpisodeV,1
although,EpisodeV,1
twoeight,EpisodeV,1
maximum,EpisodeV,1
considerable,EpisodeV,1
butbutbutwhere,EpisodeV,1
uhcome,EpisodeV,1
inquire,EpisodeV,1
typical,EpisodeV,1
remaining,EpisodeV,1
evacuate,EpisodeV,1
launch,EpisodeV,1
tauntauns,EpisodeV,1
blasters,EpisodeV,1
group,EpisodeV,1
harpoons,EpisodeV,1
stopping,EpisodeV,1
weak,EpisodeV,1
malfunction,EpisodeV,1
cut,EpisodeV,1
auxiliary,EpisodeV,1
decimal,EpisodeV,1
oneseven,EpisodeV,1
distance,EpisodeV,1
speeders,EpisodeV,1
per,EpisodeV,1
clever,EpisodeV,1
opened,EpisodeV,1
vector,EpisodeV,1
delta,EpisodeV,1
permanent,EpisodeV,1
onthats,EpisodeV,1
staff,EpisodeV,1
anddo,EpisodeV,1
armors,EpisodeV,1
debark,EpisodeV,1
likely,EpisodeV,1
cross,EpisodeV,1
low,EpisodeV,1
heard,EpisodeV,1
clearance,EpisodeV,1
slope,EpisodeV,1
retreat,EpisodeV,1
reached,EpisodeV,1
signals,EpisodeV,1
laugh,EpisodeV,1
unable,EpisodeV,1
eleven,EpisodeV,1
activated,EpisodeV,1
presence,EpisodeV,1
thinks,EpisodeV,1
hard,EpisodeV,1
selfdestruct,EpisodeV,1
bet,EpisodeV,1
rieekan,EpisodeV,1
managed,EpisodeV,1
fragment,EpisodeV,1
thousands,EpisodeV,1
searching,EpisodeV,1
junior,EpisodeV,1
communication,EpisodeV,1
million,EpisodeV,1
six,EpisodeV,1
fluent,EpisodeV,1
passage,EpisodeV,1
expressed,EpisodeV,1
ten,EpisodeV,1
rouges,EpisodeV,1
story,EpisodeV,1
risky,EpisodeV,1
gunner,EpisodeV,1
mistress,EpisodeV,1
shortcircuit,EpisodeV,1
activate,EpisodeV,1
janson,EpisodeV,1
detached,EpisodeV,1
whooha,EpisodeV,1
joints,EpisodeV,1
surprise,EpisodeV,1
whatever,EpisodeV,1
came,EpisodeV,1
ozzel,EpisodeV,1
threeeight,EpisodeV,1
guy,EpisodeV,1
used,EpisodeV,1
alliance,EpisodeV,1
gorgeous,EpisodeV,1
bear,EpisodeV,1
ball,EpisodeV,1
anymore,EpisodeV,1
wasting,EpisodeV,1
stilltheres,EpisodeV,1
burnout,EpisodeV,1
someday,EpisodeV,1
setting,EpisodeV,1
regroup,EpisodeV,1
outmaneuver,EpisodeV,1
noticed,EpisodeV,1
earlier,EpisodeV,1
communicator,EpisodeV,1
motivator,EpisodeV,1
horizontal,EpisodeV,1
boosters,EpisodeV,1
alluvial,EpisodeV,1
dampers,EpisodeV,1
hydrospanners,EpisodeV,1
oww,EpisodeV,1
merely,EpisodeV,1
cycle,EpisodeV,1
lucky,EpisodeV,1
held,EpisodeV,1
babys,EpisodeV,1
blockade,EpisodeV,1
inqu,EpisodeV,1
massive,EpisodeV,1
thatll,EpisodeV,1
fella,EpisodeV,1
nicely,EpisodeV,1
maam,EpisodeV,1
change,EpisodeV,1
picking,EpisodeV,1
cities,EpisodeV,1
technology,EpisodeV,1
lifeform,EpisodeV,1
bolts,EpisodeV,1
princesss,EpisodeV,1
commented,EpisodeV,1
possibility,EpisodeV,1
impress,EpisodeV,1
twosevenone,EpisodeV,1
blast,EpisodeV,1
pushed,EpisodeV,1
solosir,EpisodeV,1
exists,EpisodeV,1
likei,EpisodeV,1
argue,EpisodeV,1
weapon,EpisodeV,1
idea,EpisodeV,1
agree,EpisodeV,1
dream,EpisodeV,1
maybe,EpisodeV,1
sighted,EpisodeV,1
heater,EpisodeV,1
butit,EpisodeV,1
risk,EpisodeV,1
concern,EpisodeV,1
excuses,EpisodeV,1
emergency,EpisodeV,1
systems,EpisodeV,1
thermal,EpisodeV,1
butdoes,EpisodeV,1
include,EpisodeV,1
shutting,EpisodeV,1
glad,EpisodeV,1
professor,EpisodeV,1
plug,EpisodeV,1
saying,EpisodeV,1
job,EpisodeV,1
taste,EpisodeV,1
puddle,EpisodeV,1
harm,EpisodeV,1
arrange,EpisodeV,1
ahhh,EpisodeV,1
wars,EpisodeV,1
dinner,EpisodeV,1
eating,EpisodeV,1
goodbye,EpisodeV,1
without,EpisodeV,1
aww,EpisodeV,1
sshh,EpisodeV,1
ohhhyoure,EpisodeV,1
making,EpisodeV,1
following,EpisodeV,1
lamp,EpisodeV,1
imagining,EpisodeV,1
home,EpisodeV,1
aahhh,EpisodeV,1
yodaif,EpisodeV,1
ones,EpisodeV,1
dry,EpisodeV,1
approaching,EpisodeV,1
angerfearaggression,EpisodeV,1
isolated,EpisodeV,1
reverse,EpisodeV,1
flux,EpisodeV,1
hah,EpisodeV,1
eight,EpisodeV,1
helped,EpisodeV,1
reported,EpisodeV,1
ohhh,EpisodeV,1
beastly,EpisodeV,1
wise,EpisodeV,1
discuss,EpisodeV,1
sit,EpisodeV,1
taking,EpisodeV,1
doomed,EpisodeV,1
collapsing,EpisodeV,1
run,EpisodeV,1
jedis,EpisodeV,1
flows,EpisodeV,1
years,EpisodeV,1
happen,EpisodeV,1
scoundrels,EpisodeV,1
ran,EpisodeV,1
peculiar,EpisodeV,1
amount,EpisodeV,1
considering,EpisodeV,1
appeared,EpisodeV,1
decided,EpisodeV,1
seek,EpisodeV,1
probably,EpisodeV,1
camp,EpisodeV,1
communicate,EpisodeV,1
dialect,EpisodeV,1
acting,EpisodeV,1
mantell,EpisodeV,1
axis,EpisodeV,1
polarized,EpisodeV,1
ord,EpisodeV,1
calling,EpisodeV,1
nicer,EpisodeV,1
occasionally,EpisodeV,1
maybewhen,EpisodeV,1
beware,EpisodeV,1
easily,EpisodeV,1
wanted,EpisodeV,1
dominate,EpisodeV,1
venture,EpisodeV,1
checking,EpisodeV,1
tear,EpisodeV,1
guard,EpisodeV,1
feels,EpisodeV,1
rock,EpisodeV,1
awful,EpisodeV,1
moisture,EpisodeV,1
mynock,EpisodeV,1
oohhh,EpisodeV,1
precisely,EpisodeV,1
natural,EpisodeV,1
suicide,EpisodeV,1
successfully,EpisodeV,1
navigating,EpisodeV,1
approximately,EpisodeV,1
thousand,EpisodeV,1
twenty,EpisodeV,1
clothes,EpisodeV,1
meteor,EpisodeV,1
begins,EpisodeV,1
activity,EpisodeV,1
mynocks,EpisodeV,1
comes,EpisodeV,1
consume,EpisodeV,1
obiwans,EpisodeV,1
apprentice,EpisodeV,1
stronger,EpisodeV,1
nonono,EpisodeV,1
clean,EpisodeV,1
inside,EpisodeV,1
chewing,EpisodeV,1
craves,EpisodeV,1
spot,EpisodeV,1
counsel,EpisodeV,1
deepest,EpisodeV,1
commitment,EpisodeV,1
serious,EpisodeV,1
hmph,EpisodeV,1
adventure,EpisodeV,1
excitement,EpisodeV,1
escorts,EpisodeV,1
knowfor,EpisodeV,1
passive,EpisodeV,1
hani,EpisodeV,1
platform,EpisodeV,1
wooly,EpisodeV,1
piece,EpisodeV,1
behind,EpisodeV,1
lies,EpisodeV,1
impressivemost,EpisodeV,1
impressive,EpisodeV,1
controlled,EpisodeV,1
fear,EpisodeV,1
hatred,EpisodeV,1
codes,EpisodeV,1
carbonite,EpisodeV,1
encased,EpisodeV,1
ohtheyve,EpisodeV,1
whatwhats,EpisodeV,1
vaders,EpisodeV,1
called,EpisodeV,1
read,EpisodeV,1
bait,EpisodeV,1
asked,EpisodeV,1
tower,EpisodeV,1
entrance,EpisodeV,1
alter,EpisodeV,1
claw,EpisodeV,1
tibanna,EpisodeV,1
quarter,EpisodeV,1
wenot,EpisodeV,1
colony,EpisodeV,1
front,EpisodeV,1
guts,EpisodeV,1
fuzz,EpisodeV,1
pirate,EpisodeV,1
haaa,EpisodeV,1
wellprotected,EpisodeV,1
survives,EpisodeV,1
process,EpisodeV,1
survive,EpisodeV,1
hibernation,EpisodeV,1
reset,EpisodeV,1
supervision,EpisodeV,1
altering,EpisodeV,1
pray,EpisodeV,1
buddy,EpisodeV,1
real,EpisodeV,1
hero,EpisodeV,1
certainly,EpisodeV,1
hatch,EpisodeV,1
coordinates,EpisodeV,1
trusted,EpisodeV,1
deactivate,EpisodeV,1
boarding,EpisodeV,1
party,EpisodeV,1
weapons,EpisodeV,1
stun,EpisodeV,1
noisy,EpisodeV,1
brute,EpisodeV,1
deactivated,EpisodeV,1
citys,EpisodeV,1
central,EpisodeV,1
artoodetoo,EpisodeV,1
lukeit,EpisodeV,1
standing,EpisodeV,1
pieces,EpisodeV,1
grandeur,EpisodeV,1
tatooine,EpisodeV,1
top,EpisodeV,1
someones,EpisodeV,1
lukeweve,EpisodeV,1
iton,EpisodeV,1
adequate,EpisodeV,1
journey,EpisodeV,1
monitor,EpisodeV,1
allow,EpisodeV,1
kill,EpisodeV,1
emperors,EpisodeV,1
prize,EpisodeV,1
test,EpisodeV,1
ridiculous,EpisodeV,1
foreseen,EpisodeV,1
foolish,EpisodeV,1
onbuddy,EpisodeV,1
compensate,EpisodeV,1
dies,EpisodeV,1
therell,EpisodeV,1
override,EpisodeV,1
takes,EpisodeV,1
advise,EpisodeV,1
stones,EpisodeV,1
totally,EpisodeV,1
break,EpisodeV,1
surrender,EpisodeV,1
placed,EpisodeV,1
surrounds,EpisodeV,1
rockeverywhere,EpisodeV,1
touchy,EpisodeV,1
donti,EpisodeV,1
rather,EpisodeV,1
explain,EpisodeV,1
apology,EpisodeV,1
free,EpisodeV,1
cold,EpisodeV,1
necessary,EpisodeV,1
pulled,EpisodeV,1
methods,EpisodeV,1
certain,EpisodeV,1
player,EpisodeV,1
concentrate,EpisodeV,1
shields,EpisodeV,1
card,EpisodeV,1
girl,EpisodeV,1
binds,EpisodeV,1
person,EpisodeV,1
ago,EpisodeV,1
peace,EpisodeV,1
defense,EpisodeV,1
knowledge,EpisodeV,1
everythings,EpisodeV,1
luminous,EpisodeV,1
uses,EpisodeV,1
fine,EpisodeV,1
eyes,EpisodeV,1
whoa,EpisodeV,1
doublecrossing,EpisodeV,1
forgotten,EpisodeV,1
youmethe,EpisodeV,1
nogood,EpisodeV,1
swindler,EpisodeV,1
beings,EpisodeV,1
today,EpisodeV,1
treethe,EpisodeV,1
worried,EpisodeV,1
mmmmmm,EpisodeV,1
track,EpisodeV,1
disappeared,EpisodeV,1
rear,EpisodeV,1
hand,EpisodeV,1
circuits,EpisodeV,1
judge,EpisodeV,1
destination,EpisodeV,1
standard,EpisodeV,1
sawi,EpisodeV,1
disintegrations,EpisodeV,1
goodness,EpisodeV,1
futurethe,EpisodeV,1
trajectory,EpisodeV,1
places,EpisodeV,1
onetwothree,EpisodeV,1
aaargh,EpisodeV,1
concentratefeel,EpisodeV,1
transfer,EpisodeV,1
working,EpisodeV,1
surviving,EpisodeV,1
anyone,EpisodeV,1
conned,EpisodeV,1
unlearn,EpisodeV,1
bespin,EpisodeV,1
gambler,EpisodeV,1
temper,EpisodeV,1
losing,EpisodeV,1
cloaking,EpisodeV,1
acceptable,EpisodeV,1
device,EpisodeV,1
alternative,EpisodeV,1
assume,EpisodeV,1
extreme,EpisodeV,1
ideas,EpisodeV,1
stone,EpisodeV,1
somewhere,EpisodeV,1
procedure,EpisodeV,1
apologize,EpisodeV,1
port,EpisodeV,1
float,EpisodeV,1
meanwhile,EpisodeV,1
continue,EpisodeV,1
circumstances,EpisodeV,1
nowthe,EpisodeV,1
dump,EpisodeV,1
waiting,EpisodeV,1
rule,EpisodeV,1
search,EpisodeV,1
wonder,EpisodeV,1
besides,EpisodeV,1
pile,EpisodeV,1
repair,EpisodeV,1
interrupting,EpisodeV,1
absolutely,EpisodeV,1
beautiful,EpisodeV,1
truly,EpisodeV,1
belong,EpisodeV,1
among,EpisodeV,1
refreshment,EpisodeV,1
everyones,EpisodeV,1
invited,EpisodeV,1
problem,EpisodeV,1
circle,EpisodeV,1
fall,EpisodeV,1
theuhjurisdiction,EpisodeV,1
part,EpisodeV,1
guild,EpisodeV,1
noticedwhich,EpisodeV,1
either,EpisodeV,1
relax,EpisodeV,1
seen,EpisodeV,1
treated,EpisodeV,1
honored,EpisodeV,1
arrived,EpisodeV,1
threepios,EpisodeV,1
noplease,EpisodeV,1
stormtroopers,EpisodeV,1
permanently,EpisodeV,1
condition,EpisodeV,1
agreement,EpisodeV,1
unfairly,EpisodeV,1
sooner,EpisodeV,1
unfortunate,EpisodeV,1
garrison,EpisodeV,1
deals,EpisodeV,1
backwards,EpisodeV,1
furball,EpisodeV,1
overgrown,EpisodeV,1
avoid,EpisodeV,1
customers,EpisodeV,1
advantageous,EpisodeV,1
mostly,EpisodeV,1
insure,EpisodeV,1
easier,EpisodeV,1
approach,EpisodeV,1
cannon,EpisodeV,1
ion,EpisodeV,1
mistakesfrom,EpisodeV,1
short,EpisodeV,1
wiser,EpisodeV,1
clumsy,EpisodeV,1
surface,EpisodeV,1
instructed,EpisodeV,1
moved,EpisodeV,1
preparing,EpisodeV,1
toaaagh,EpisodeV,1
failed,EpisodeV,1
lukeluke,EpisodeV,1
beyond,EpisodeV,1
gets,EpisodeV,1
troop,EpisodeV,1
carriers,EpisodeV,1
assemble,EpisodeV,1
fiveseven,EpisodeV,1
ridge,EpisodeV,1
walkers,EpisodeV,1
understood,EpisodeV,1
primary,EpisodeV,1
known,EpisodeV,1
several,EpisodeV,1
shots,EpisodeV,1
flight,EpisodeV,1
seventyfiveto,EpisodeV,1
proceed,EpisodeV,1
directly,EpisodeV,1
survival,EpisodeV,1
whole,EpisodeV,1
stations,EpisodeV,1
chances,EpisodeV,1
pattern,EpisodeV,1
closed,EpisodeV,1
rebel,EpisodeV,1
day,EpisodeV,1
tonight,EpisodeV,1
abandon,EpisodeV,1
loud,EpisodeV,1
developed,EpisodeV,1
arrive,EpisodeV,1
stopped,EpisodeV,1
conflict,EpisodeV,1
order,EpisodeV,1
agreed,EpisodeV,1
terrible,EpisodeV,1
seems,EpisodeV,1
finish,EpisodeV,1
successful,EpisodeV,1
rude,EpisodeV,1
rtwo,EpisodeV,1
unit,EpisodeV,1
seductive,EpisodeV,1
ii,EpisodeV,1
vision,EpisodeV,1
fate,EpisodeV,1
tempted,EpisodeV,1
failure,EpisodeV,1
fill,EpisodeV,1
abilities,EpisodeV,1
mophead,EpisodeV,1
destructive,EpisodeV,1
combined,EpisodeV,1
discover,EpisodeV,1
hurt,EpisodeV,1
killed,EpisodeV,1
interpreter,EpisodeV,1
socket,EpisodeV,1
terminal,EpisodeV,1
door,EpisodeV,1
lump,EpisodeV,1
doubted,EpisodeV,1
wonderful,EpisodeV,1
bend,EpisodeV,1
importance,EpisodeV,1
thoughtlessow,EpisodeV,1
hairy,EpisodeV,1
beast,EpisodeV,1
looked,EpisodeV,1
beaten,EpisodeV,1
useless,EpisodeV,1
resist,EpisodeV,1
realize,EpisodeV,1
suffer,EpisodeV,1
depends,EpisodeV,1
shadow,EpisodeV,1
knight,EpisodeV,1
saved,EpisodeV,1
times,EpisodeV,1
fastest,EpisodeV,1
hunk,EpisodeV,1
paying,EpisodeV,1
outpost,EpisodeV,1
selfsufficient,EpisodeV,1
supply,EpisodeV,1
labor,EpisodeV,1
difficulties,EpisodeV,1
funny,EpisodeV,1
businessman,EpisodeV,1
cube,EpisodeV,1
ice,EpisodeV,1
shape,EpisodeV,1
anxious,EpisodeV,1
attracting,EpisodeV,1
empires,EpisodeV,1
looming,EpisodeV,1
space,EpisodeV,1
facilities,EpisodeV,1
relations,EpisodeV,1
brings,EpisodeV,1
conquer,EpisodeV,1
agent,EpisodeV,1
sacrifice,EpisodeV,1
honor,EpisodeV,1
foryes,EpisodeV,1
interfere,EpisodeV,1
converters,EpisodeV,1
days,EpisodeV,1
seeing,EpisodeV,1
humancyborg,EpisodeV,1
whod,EpisodeV,1
yesvery,EpisodeV,1
ahhrepairs,EpisodeV,1
square,EpisodeV,1
administrator,EpisodeV,1
cruiser,EpisodeV,1
smoothie,EpisodeV,1
seethreepio,EpisodeV,1
donate,EpisodeIV,1
